<?xml version="1.0" encoding="utf-8"?>
<Defs>

  <ThingDef Name= "KP_CarapaceArmors" ParentName= "ArmorMachineableBase" Abstract= "true">
    <techLevel>Spacer</techLevel>
    <apparel>
      <bodyPartGroups>
        <li>Torso</li>
        <li>Neck</li>
        <li>Shoulders</li>
      </bodyPartGroups>
      <layers>
        <li>Middle</li>
      </layers>
      <tags>
        <li>KP_CarapaceArmors</li>
      </tags>
      <defaultOutfitTags>
        <li>Soldier</li>
      </defaultOutfitTags>
      <soundWear>Wear_PowerArmor</soundWear>
      <soundRemove>Remove_PowerArmor</soundRemove>
      <useDeflectMetalEffect>true</useDeflectMetalEffect>
      <useWornGraphicMask>true</useWornGraphicMask>
    </apparel>
  </ThingDef>

<!-- Carapace Armor - Light-->	

	<ThingDef ParentName="KP_CarapaceArmors">
		<defName>KP_Light_Flak_Armor</defName>
		<label>Carapace Armor</label>
		<description>Before the fall of the Coreworlds, the many armies of the Great Domain saw many servicemen divided into two groups, the Infantry and the Veterancy. While the Infantry was made up of various people from all walks of life, the Veterancy came from ancient nobility and were enhanced mechanically and biologically. This is the equipment of the Infantry, cheap and effective armor based on a plasteel framework with steel reinforcements to ensure an effective armor while being easy to produce compared to the Power Armor of the Veterancy. Its popularity remains after several centuries of usage</description>
		<techLevel>Spacer</techLevel>

		<recipeMaker>
		  <researchPrerequisite>LateIndustrialFlakArmor</researchPrerequisite>
		  <unfinishedThingDef>UnfinishedTechArmor</unfinishedThingDef>
		  <skillRequirements>
			<Crafting>5</Crafting>
		  </skillRequirements>
		  <recipeUsers Inherit="false">
			<li>TableMachining</li>
		  </recipeUsers>		  
		</recipeMaker>

		<graphicData>
			<texPath>Armor/LightArmor/LightArmor</texPath>
			<graphicClass>Graphic_Single</graphicClass>
			<shaderType>CutoutComplex</shaderType>
		</graphicData>
		
		<statBases>
		  <WorkToMake>9000</WorkToMake>
		  <MarketValue>550</MarketValue>
		  <MaxHitPoints>140</MaxHitPoints>
		  <StuffEffectMultiplierArmor>1.10</StuffEffectMultiplierArmor>
		  <Mass>7.0</Mass>
		  <EquipDelay>5</EquipDelay>
		</statBases>

		<equippedStatOffsets>
		  <MoveSpeed>-0.04</MoveSpeed>
		</equippedStatOffsets>

		<thingCategories>
		  <li>ApparelArmor</li>
		</thingCategories>

		<costList>
		  <Cloth>60</Cloth>
			<Plasteel>10</Plasteel>
		  <ComponentIndustrial>1</ComponentIndustrial>
		</costList>
		  <stuffCategories>
		  <li>Metallic</li>
		</stuffCategories>
		<costStuffCount>80</costStuffCount>	

		<apparel>
		  <bodyPartGroups>
			<li>Torso</li>
			<li>Shoulders</li>
			<li>Neck</li>
		  </bodyPartGroups>
		  <wornGraphicPath>Armor/LightArmor/LightArmor</wornGraphicPath>
		  <useWornGraphicMask>True</useWornGraphicMask>
		  <layers>
			<li>Middle</li>
		  </layers>
		  <tags>
			<li>IndustrialMilitaryBasic</li>
			<li>IndustrialMilitaryAdvanced</li>
			<li>OutlanderAdvanced</li>			
			<li>SpacerMilitary</li>		
		  </tags>
		  <defaultOutfitTags>
			<li>Soldier</li>
		  </defaultOutfitTags>
		</apparel>
		
		<colorGenerator Class="ColorGenerator_StandardApparel" />
    </ThingDef>

<!-- Carapace Armor - Light Medic-->

    <ThingDef ParentName="KP_CarapaceArmors">
		<defName>KP_Light_Flak_Armor_Medic</defName>
		<label>Carapace Armor (Medic)</label>
		<description>Before the fall of the Coreworlds, the many armies of the Great Domain saw many servicemen divided into two groups, the Infantry and the Veterancy. While the Infantry was made up of various people from all walks of life, the Veterancy came from ancient nobility and were enhanced mechanically and biologically. This is the equipment of the Infantry, cheap and effective armor based on a plasteel framework with steel reinforcements to ensure an effective armor while being easy to produce compared to the Power Armor of the Veterancy. Its popularity remains after several centuries of usage.
		
This variant is marked for usage by Medical staff.</description>
		<techLevel>Spacer</techLevel>

		<recipeMaker>
		  <researchPrerequisite>SpecializedFlakArmor</researchPrerequisite>      
		  <unfinishedThingDef>UnfinishedTechArmor</unfinishedThingDef>
		  <skillRequirements>
			<Crafting>5</Crafting>
		  </skillRequirements>
		  <recipeUsers Inherit="false">
			<li>TableMachining</li>
		  </recipeUsers>		  
		</recipeMaker>	

		<graphicData>
		  <texPath>Armor/LightArmorMedic/LightArmorMedic</texPath>
		  <graphicClass>Graphic_Single</graphicClass>
			<shaderType>CutoutComplex</shaderType>    
		</graphicData>

		<statBases>
		  <WorkToMake>9000</WorkToMake>
		  <MarketValue>550</MarketValue>
		  <MaxHitPoints>140</MaxHitPoints>
		  <StuffEffectMultiplierArmor>1.10</StuffEffectMultiplierArmor>
		  <Mass>7.0</Mass>
		  <EquipDelay>5</EquipDelay>
		</statBases>


		<equippedStatOffsets>
		  <MoveSpeed>-0.04</MoveSpeed>
		</equippedStatOffsets>

		<thingCategories>
		  <li>ApparelArmor</li>
		</thingCategories>

		<costList>
		  <Cloth>60</Cloth>
		  <Plasteel>10</Plasteel>
		  <ComponentIndustrial>1</ComponentIndustrial>
		</costList>
			<stuffCategories>
			<li>Metallic</li>
		  </stuffCategories>
		<costStuffCount>80</costStuffCount>

		<apparel>
		  <bodyPartGroups>
			<li>Torso</li>
			<li>Shoulders</li>
			<li>Neck</li>		
		  </bodyPartGroups>
		  <wornGraphicPath>Armor/LightArmorMedic/LightArmorMedic</wornGraphicPath>
		  <useWornGraphicMask>True</useWornGraphicMask>
		  <layers>
			<li>Middle</li>
		  </layers>
		  <tags>
			<li>IndustrialMilitaryBasic</li>
			<li>IndustrialMilitaryAdvanced</li>
			<li>OutlanderMedic</li>			
			<li>SpacerMilitary</li>		
		  </tags>
		  <defaultOutfitTags>
			<li>Soldier</li>
		  </defaultOutfitTags>		  
		</apparel>

		<colorGenerator Class="ColorGenerator_StandardApparel" />
    </ThingDef>

<!-- Carapace Armor - Light Support-->

    <ThingDef ParentName="KP_CarapaceArmors">
		<defName>KP_Light_Flak_Armor_Support</defName>
		<label>Carapace Armor (Engineer)</label>
		<description>Before the fall of the Coreworlds, the many armies of the Great Domain saw many servicemen divided into two groups, the Infantry and the Veterancy. While the Infantry was made up of various people from all walks of life, the Veterancy came from ancient nobility and were enhanced mechanically and biologically. This is the equipment of the Infantry, cheap and effective armor based on a plasteel framework with steel reinforcements to ensure an effective armor while being easy to produce compared to the Power Armor of the Veterancy. Its popularity remains after several centuries of usage.
		
This variant is marked for usage by Engineering staff.</description>
		<techLevel>Spacer</techLevel>

		<recipeMaker>
		  <researchPrerequisite>SpecializedFlakArmor</researchPrerequisite> 
		  <unfinishedThingDef>UnfinishedTechArmor</unfinishedThingDef>
		  <skillRequirements>
			<Crafting>5</Crafting>
		  </skillRequirements>
		  <recipeUsers Inherit="false">
			<li>TableMachining</li>
		  </recipeUsers>		  
		</recipeMaker>
		
		<graphicData>
		  <texPath>Armor/LightArmorSupport/LightArmorSupport</texPath>
		  <graphicClass>Graphic_Single</graphicClass>
			<shaderType>CutoutComplex</shaderType>    
		</graphicData>

		<statBases>
		  <WorkToMake>9000</WorkToMake>
		  <MarketValue>550</MarketValue>
		  <MaxHitPoints>140</MaxHitPoints>
		  <StuffEffectMultiplierArmor>1.10</StuffEffectMultiplierArmor>
		  <Mass>7.0</Mass>
		  <EquipDelay>5</EquipDelay>
		</statBases>

		<equippedStatOffsets>
		  <MoveSpeed>-0.04</MoveSpeed>
		</equippedStatOffsets>

		<thingCategories>
		  <li>ApparelArmor</li>
		</thingCategories>

		<costList>
		  <Cloth>60</Cloth>
		  <Plasteel>10</Plasteel>
		  <ComponentIndustrial>1</ComponentIndustrial>
		</costList>
		  <stuffCategories>
		  <li>Metallic</li>
		</stuffCategories>
		<costStuffCount>80</costStuffCount>

		<apparel>
		  <bodyPartGroups>
			<li>Torso</li>
			<li>Shoulders</li>
			<li>Neck</li>
		  </bodyPartGroups>
		  <wornGraphicPath>Armor/LightArmorSupport/LightArmorSupport</wornGraphicPath>
		  <useWornGraphicMask>True</useWornGraphicMask>
		  <layers>
			<li>Middle</li>
		  </layers>
		  <tags>
			<li>IndustrialMilitaryBasic</li>
			<li>IndustrialMilitaryAdvanced</li>
			<li>OutlanderEngineer</li>			
			<li>SpacerMilitary</li>		
		  </tags>
		  <defaultOutfitTags>
			<li>Soldier</li>
		  </defaultOutfitTags>
		</apparel>

		<colorGenerator Class="ColorGenerator_StandardApparel" />
    </ThingDef>

<!-- Carapace Armor - Heavy -->	

	<ThingDef ParentName="KP_CarapaceArmors">
    <defName>KP_Heavy_Flak_Armor</defName>
		<label>Heavy Carapace Armor</label>
		<description>While Carapace Armor is better than flak vests and jackets, it does seem to lack a defense against charge weaponry and heavy munitions. An easier solution would be to equip all soldiers in the infantry with semi-powered armor but that is easier said than done. The end decision of this issue eventually became reinforcing the Carapace Armor with additional plates of plasteel to enhance its defensive abilities. The Heavy Carapace Armor was introduced during the Battle of Coldharbour after the Fall of the Great Domain to mixed success.</description>
		<techLevel>Spacer</techLevel>

		<recipeMaker>
		  <researchPrerequisite>HeavyFlakArmor</researchPrerequisite>
		  <unfinishedThingDef>UnfinishedTechArmor</unfinishedThingDef>
		  <skillRequirements>
			<Crafting>7</Crafting>
		  </skillRequirements>
		  <recipeUsers Inherit="false">
			<li>TableMachining</li>
		  </recipeUsers>		  
		</recipeMaker>
	

		<graphicData>
		  <texPath>Armor/HeavyArmor/HeavyArmor</texPath>
		  <graphicClass>Graphic_Single</graphicClass>
			<shaderType>CutoutComplex</shaderType>    
		</graphicData>

		<statBases>
		  <WorkToMake>10000</WorkToMake>
		  <MarketValue>800</MarketValue>
		  <MaxHitPoints>180</MaxHitPoints>
		  <Mass>12.0</Mass>
		  <StuffEffectMultiplierArmor>1.25</StuffEffectMultiplierArmor>
		  <EquipDelay>8</EquipDelay>
		</statBases>

		<equippedStatOffsets>
		  <MoveSpeed>-0.07</MoveSpeed>
		</equippedStatOffsets>

		<thingCategories>
		  <li>ApparelArmor</li>
		</thingCategories>

		<costList>
		  <Cloth>60</Cloth>
		  <Plasteel>30</Plasteel>
		  <ComponentIndustrial>3</ComponentIndustrial>
		</costList>
		<stuffCategories>
		  <li>Metallic</li>
		</stuffCategories>
		<costStuffCount>100</costStuffCount>

		<apparel>
		  <bodyPartGroups>
			<li>Torso</li>
			<li>Shoulders</li>
			<li>Neck</li>
		  </bodyPartGroups>
		  <wornGraphicPath>Armor/HeavyArmor/HeavyArmor</wornGraphicPath>
		  <useWornGraphicMask>True</useWornGraphicMask>
		  <layers>
			<li>Middle</li>
		  </layers>
		  <tags>
			<li>IndustrialMilitaryBasic</li>
			<li>IndustrialMilitaryAdvanced</li>
			<li>OutlanderAdvanced</li>			
			<li>SpacerMilitary</li>			
		  </tags>
		  <defaultOutfitTags>
			<li>Soldier</li>
		  </defaultOutfitTags>
		</apparel>
		
		<colorGenerator Class="ColorGenerator_StandardApparel" />
    </ThingDef>

<!-- Carapace Armor - Heavy Medic -->

	<ThingDef ParentName="KP_CarapaceArmors">
		<defName>KP_Heavy_Flak_Armor_Medic</defName>
		<label>Heavy Carapace Armor (Medic)</label>
		<description>While Carapace Armor is better than flak vests and jackets, it does seem to lack a defense against charge weaponry and heavy munitions. An easier solution would be to equip all soldiers in the infantry with semi-powered armor but that is easier said than done. The end decision of this issue eventually became reinforcing the Carapace Armor with additional plates of plasteel to enhance its defensive abilities. The Heavy Carapace Armor was introduced during the Battle of Coldharbour after the Fall of the Great Domain to mixed success.
		
This variant is marked for usage by Medical staff.</description>
		<techLevel>Spacer</techLevel>

		<recipeMaker>
		  <researchPrerequisite>HeavyFlakArmor</researchPrerequisite>
		  <unfinishedThingDef>UnfinishedTechArmor</unfinishedThingDef>
		  <skillRequirements>
			<Crafting>7</Crafting>
		  </skillRequirements>
		  <recipeUsers Inherit="false">
			<li>TableMachining</li>
		  </recipeUsers>		  
		</recipeMaker>	

		<graphicData>
		  <texPath>Armor/HeavyArmorMedic/HeavyArmorMedic</texPath>
		  <graphicClass>Graphic_Single</graphicClass>
			<shaderType>CutoutComplex</shaderType>
		</graphicData>

		<statBases>
		  <WorkToMake>10000</WorkToMake>
		  <MarketValue>800</MarketValue>
		  <MaxHitPoints>180</MaxHitPoints>
		  <Mass>12.0</Mass>
		  <StuffEffectMultiplierArmor>1.25</StuffEffectMultiplierArmor>
		  <EquipDelay>8</EquipDelay>
		</statBases>

		<equippedStatOffsets>
		  <MoveSpeed>-0.07</MoveSpeed>
		</equippedStatOffsets>

		<thingCategories>
		  <li>ApparelArmor</li>
		</thingCategories>

		<costList>
		  <Cloth>60</Cloth>
		  <Plasteel>30</Plasteel>
		  <ComponentIndustrial>3</ComponentIndustrial>
		</costList>
		  <stuffCategories>
		  <li>Metallic</li>
		</stuffCategories>
		<costStuffCount>100</costStuffCount>

		<apparel>
		  <bodyPartGroups>
			<li>Torso</li>
			<li>Shoulders</li>
			<li>Neck</li>
		  </bodyPartGroups>
		  <wornGraphicPath>Armor/HeavyArmorMedic/HeavyArmorMedic</wornGraphicPath>
		  <useWornGraphicMask>True</useWornGraphicMask>
		  <layers>
			<li>Middle</li>
		  </layers>
		  <tags>
			<li>IndustrialMilitaryBasic</li>
			<li>IndustrialMilitaryAdvanced</li>
			<li>OutlanderMedic</li>			
			<li>SpacerMilitary</li>		
		  </tags>
		  <defaultOutfitTags>
			<li>Soldier</li>
		  </defaultOutfitTags>
		</apparel>

		<colorGenerator Class="ColorGenerator_StandardApparel" />
    </ThingDef>

<!-- Carapace Armor - Heavy Support -->

	<ThingDef ParentName="KP_CarapaceArmors">
		<defName>KP_Heavy_Flak_Armor_Support</defName>
		<label>Heavy Carapace Armor (Engineer)</label>
		<description>While Carapace Armor is better than flak vests and jackets, it does seem to lack a defense against charge weaponry and heavy munitions. An easier solution would be to equip all soldiers in the infantry with semi-powered armor but that is easier said than done. The end decision of this issue eventually became reinforcing the Carapace Armor with additional plates of plasteel to enhance its defensive abilities. The Heavy Carapace Armor was introduced during the Battle of Coldharbour after the Fall of the Great Domain to mixed success.
		
This variant is marked for usage by Engineering staff.</description>
		<techLevel>Spacer</techLevel>

		<recipeMaker>
		  <researchPrerequisite>HeavyFlakArmor</researchPrerequisite>
		  <unfinishedThingDef>UnfinishedTechArmor</unfinishedThingDef>
		  <skillRequirements>
			<Crafting>7</Crafting>
		  </skillRequirements>
		  <recipeUsers Inherit="false">
			<li>TableMachining</li>
		  </recipeUsers>		  
		</recipeMaker>	

		<graphicData>
		  <texPath>Armor/HeavyArmorSupport/HeavyArmorSupport</texPath>
		  <graphicClass>Graphic_Single</graphicClass>
			<shaderType>CutoutComplex</shaderType>
		</graphicData>

		<statBases>
		  <WorkToMake>10000</WorkToMake>
		  <MarketValue>800</MarketValue>
		  <MaxHitPoints>180</MaxHitPoints>
		  <Mass>12.0</Mass>
		  <StuffEffectMultiplierArmor>1.25</StuffEffectMultiplierArmor>
		  <EquipDelay>8</EquipDelay>
		</statBases>

		<equippedStatOffsets>
		  <MoveSpeed>-0.07</MoveSpeed>
		</equippedStatOffsets>

		<thingCategories>
		  <li>ApparelArmor</li>
		</thingCategories>

		<costList>
		  <Cloth>60</Cloth>
		  <Plasteel>30</Plasteel>
		  <ComponentIndustrial>3</ComponentIndustrial>
		</costList>
		  <stuffCategories>
		  <li>Metallic</li>
		</stuffCategories>
		<costStuffCount>100</costStuffCount>

		<apparel>
		  <bodyPartGroups>
			<li>Torso</li>
			<li>Shoulders</li>
			<li>Neck</li>
		  </bodyPartGroups>
		  <wornGraphicPath>Armor/HeavyArmorSupport/HeavyArmorSupport</wornGraphicPath>
		  <useWornGraphicMask>True</useWornGraphicMask>
		  <layers>
			<li>Middle</li>
		  </layers>
		  <tags>
			<li>IndustrialMilitaryBasic</li>
			<li>IndustrialMilitaryAdvanced</li>
			<li>OutlanderEngineer</li>			
			<li>SpacerMilitary</li>	
		  </tags>
		  <defaultOutfitTags>
			<li>Soldier</li>
		  </defaultOutfitTags>
		</apparel>

		<colorGenerator Class="ColorGenerator_StandardApparel" />
    </ThingDef>

<!-- Carapace Armor - Officer -->

	<ThingDef ParentName="KP_CarapaceArmors">
		<defName>KP_Officer_Flak_Armor</defName>
		<label>Officer Carapace Armor</label>
		<description>Carapace Armor comes in many shapes and sizes, this variant however was designed in the factories of the Deathworld of Fury. Despite the name, Fury is a highly organized society with a caste system which maintains a highborn nobility and a lowborn servile class. Often under siege by the Insectoid fleets, the Furian Guard is subject to the same stratification as their cities. As the Officers of the Furian Guard are found among the nobility, they have access to this specific armor. Reinforced with additional plasteel and adorned with gold filagree which offers both protection and proof of status.</description>
		<techLevel>Spacer</techLevel>

		<recipeMaker>
		  <researchPrerequisite>OfficerFlakArmor</researchPrerequisite>
		  <unfinishedThingDef>UnfinishedTechArmor</unfinishedThingDef>
		  <skillRequirements>
			<Crafting>7</Crafting>
		  </skillRequirements>
		  <recipeUsers Inherit="false">
			<li>TableMachining</li>
		  </recipeUsers>		  
		</recipeMaker>


		<graphicData>
		  <texPath>Armor/OfficerArmor/OfficerArmor</texPath>
		  <graphicClass>Graphic_Single</graphicClass>
			<shaderType>CutoutComplex</shaderType>
		</graphicData>

		<statBases>
		  <WorkToMake>12000</WorkToMake>
		  <MarketValue>1000</MarketValue>
		  <MaxHitPoints>200</MaxHitPoints>
		  <Mass>10.0</Mass>
		  <StuffEffectMultiplierArmor>1.15</StuffEffectMultiplierArmor>
		  <EquipDelay>8</EquipDelay>
		</statBases>

		<equippedStatOffsets>
		  <MoveSpeed>-0.05</MoveSpeed>
		  <SlaveSuppressionOffset MayRequire="Ludeon.RimWorld.Ideology">-0.2</SlaveSuppressionOffset>
		</equippedStatOffsets>

		<thingCategories>
		  <li>ApparelArmor</li>
		</thingCategories>

		<costList>
		  <Cloth>60</Cloth>
		  <Plasteel>30</Plasteel>
		  <ComponentIndustrial>3</ComponentIndustrial>
		</costList>
		<stuffCategories>
		  <li>Metallic</li>
		</stuffCategories>
		<costStuffCount>100</costStuffCount>

		<apparel>
		  <bodyPartGroups>
			<li>Torso</li>
			<li>Shoulders</li>
			<li>Neck</li>
		  </bodyPartGroups>
		  <wornGraphicPath>Armor/OfficerArmor/OfficerArmor</wornGraphicPath>
		  <useWornGraphicMask>True</useWornGraphicMask>
		  <layers>
			<li>Middle</li>
		  </layers>
		  <tags>
			<li>IndustrialMilitaryBasic</li>
			<li>IndustrialMilitaryAdvanced</li>
			<li>OutlanderOfficer</li>				
			<li>SpacerMilitary</li>	
			<li>PrestigeCombatGear</li>				
		  </tags>
		  <defaultOutfitTags>
			<li>Soldier</li>
		  </defaultOutfitTags>
		</apparel>

		<colorGenerator Class="ColorGenerator_StandardApparel" />
    </ThingDef>

<!-- Carapace Armor - Vanguard -->

	<ThingDef ParentName="KP_CarapaceArmors">
		<defName>KP_Scout_Flak_Armor</defName>
		<label>Vanguard Carapace Armor</label>
		<description>The most important part of any army is the ability to acquire intelligence on their enemies. The Vanguard Carapace Armor was designed on several planets though the most famous and its namesake would be by the Alexandrian Vanguard. During the First War of Alexandria against the Mechanoids, the most important factor in combat was speed. While not being heavy standard Carapace Armor is bulky and could be lightened. The Vanguard did so through removal of the shoulder plates and the “shaving” of certain areas until it only protected the chest of the wearer.</description>
		<techLevel>Spacer</techLevel>

		<recipeMaker>
		  <researchPrerequisite>VanguardKit</researchPrerequisite>
		  <unfinishedThingDef>UnfinishedTechArmor</unfinishedThingDef>
		  <skillRequirements>
			<Crafting>5</Crafting>
		  </skillRequirements>
		  <recipeUsers Inherit="false">
			<li>TableMachining</li>
		  </recipeUsers>
		</recipeMaker>
			
		<graphicData>
		  <texPath>Armor/ScoutArmor/ScoutArmor</texPath>
		  <graphicClass>Graphic_Single</graphicClass>
			<shaderType>CutoutComplex</shaderType>
		</graphicData>

		<statBases>
		  <WorkToMake>6000</WorkToMake>
		  <MarketValue>400</MarketValue>
		  <MaxHitPoints>120</MaxHitPoints>
		  <StuffEffectMultiplierArmor>1.00</StuffEffectMultiplierArmor>
		  <Mass>5.5</Mass>
		  <EquipDelay>3</EquipDelay>
		</statBases>

		<equippedStatOffsets>
		  <MoveSpeed>-0.01</MoveSpeed>
		  <SlaveSuppressionOffset MayRequire="Ludeon.RimWorld.Ideology">-0.2</SlaveSuppressionOffset>		  
		</equippedStatOffsets>

		<thingCategories>
		  <li>ApparelArmor</li>
		</thingCategories>

		<costList>
		  <Cloth>20</Cloth>
		  <Plasteel>10</Plasteel>
		  <ComponentIndustrial>1</ComponentIndustrial>
		</costList>
		  <stuffCategories>
		  <li>Metallic</li>
		</stuffCategories>
		<costStuffCount>50</costStuffCount>

		<apparel>
		  <bodyPartGroups>
			<li>Torso</li>
			<li>Neck</li>
		  </bodyPartGroups>
		  <wornGraphicPath>Armor/ScoutArmor/ScoutArmor</wornGraphicPath>
		  <useWornGraphicMask>True</useWornGraphicMask>
		  <layers>
			<li>Middle</li>
		  </layers>
		  <tags>
			<li>IndustrialMilitaryBasic</li>
			<li>IndustrialMilitaryAdvanced</li>
			<li>OutlanderScout</li>			
			<li>SpacerMilitary</li>	
		  </tags>
		  <defaultOutfitTags>
			<li>Soldier</li>
		  </defaultOutfitTags>
		</apparel>

		<colorGenerator Class="ColorGenerator_StandardApparel" />
    </ThingDef>
	
<!-- Carapace Armor - Centurion -->	
	
	<ThingDef ParentName="KP_CarapaceArmors">
    <defName>KP_Scout_Officer_Flak_Armor</defName>
		<label>Centurion Carapace Armor (Officer)</label>
		<description>Based on the ancient warriors of Old Earth, the Centurions of the Holyworld of Sabbath are an elite force of warriors. Quick, decisive, and often brutal, the Centurions of Sabbath have served as the last line of defense for the Beaconist Holyworld. Often this armor is found in Rimworlds are from the Heralds of Sabbath, Centurion forces sent to recover Beaconist relics to further their quest for the source. As with the tradition of Centurions, they often serve as officers of a squad of lesser legionaries though the position is filled with veneration.</description>
		<techLevel>Spacer</techLevel>

		<recipeMaker>
		  <researchPrerequisite>VanguardKit</researchPrerequisite>
		  <unfinishedThingDef>UnfinishedTechArmor</unfinishedThingDef>
		  <skillRequirements>
			<Crafting>5</Crafting>
		  </skillRequirements>
		  <recipeUsers Inherit="false">
			<li>TableMachining</li>
		  </recipeUsers>		  
		</recipeMaker>

		<graphicData>
		  <texPath>Armor/OfficerScoutArmor/OfficerScoutArmor</texPath>
		  <graphicClass>Graphic_Single</graphicClass>
			<shaderType>CutoutComplex</shaderType>
		</graphicData>

		<statBases>
		  <WorkToMake>6000</WorkToMake>
		  <MarketValue>400</MarketValue>
	      <MaxHitPoints>140</MaxHitPoints>
		  <Mass>6.5</Mass>
		  <StuffEffectMultiplierArmor>1.15</StuffEffectMultiplierArmor>
		  <EquipDelay>4</EquipDelay>
		</statBases>

		<equippedStatOffsets>
		  <MoveSpeed>-0.01</MoveSpeed>
		  <SlaveSuppressionOffset MayRequire="Ludeon.RimWorld.Ideology">-0.2</SlaveSuppressionOffset>			  
		</equippedStatOffsets>

		<thingCategories>
		  <li>ApparelArmor</li>
		</thingCategories>

		<costList>
		  <Cloth>20</Cloth>
		  <Plasteel>10</Plasteel>
		  <ComponentIndustrial>1</ComponentIndustrial>
		</costList>
		  <stuffCategories>
		  <li>Metallic</li>
		</stuffCategories>
		<costStuffCount>50</costStuffCount>

		<apparel>
		  <bodyPartGroups>
			<li>Torso</li>
			<li>Neck</li>
		  </bodyPartGroups>
		  <wornGraphicPath>Armor/OfficerScoutArmor/OfficerScoutArmor</wornGraphicPath>
		  <useWornGraphicMask>True</useWornGraphicMask>
		  <layers>
			<li>Middle</li>
		  </layers>
		  <tags>
			<li>IndustrialMilitaryBasic</li>
			<li>IndustrialMilitaryAdvanced</li>
			<li>OutlanderOfficer</li>			
			<li>SpacerMilitary</li>	
			<li>PrestigeCombatGear</li>				
		  </tags>
		  <defaultOutfitTags>
			<li>Soldier</li>
		  </defaultOutfitTags>
		</apparel>

		<colorGenerator Class="ColorGenerator_StandardApparel" />
    </ThingDef>	

<!-- Greaves -->
	<ThingDef ParentName="ArmorHelmetMakeableBase">
		<defName>KP_Armored_Boots</defName>
		<label>Carapace Greaves</label>
		<description>The initial run of Carapace Armor often had protection for the thighs of soldiers but did not protect the leg from the knee down. This was chosen because of the need to keep soldiers mobile and moving fast. After decades of fighting Mechanoids and Insectoids in addition to humanity, the battle-smiths of the planet of Hastings created the Carapace Greaves. Built to the same standard of Carapace Armor, which allows protection but has the trade-off of heavy equipment slowing down soldiers, though the Dragonguard of Hastings preferred the heavy armor over nothing.</description>
		<techLevel>Spacer</techLevel>

		<recipeMaker>
		  <researchPrerequisite>LateIndustrialFlakArmor</researchPrerequisite>      
		  <unfinishedThingDef>UnfinishedTechArmor</unfinishedThingDef>
		  <skillRequirements>
			<Crafting>5</Crafting>
		  </skillRequirements>
		  <recipeUsers Inherit="false">
			<li>TableMachining</li>
		  </recipeUsers>		  
		</recipeMaker>
		
		<graphicData>
		  <texPath>Armor/ArmoredBoots/ArmoredBoots</texPath>
		  <graphicClass>Graphic_Single</graphicClass>
			<shaderType>CutoutComplex</shaderType>      
		</graphicData>
		
		<uiIconScale>2</uiIconScale>	

		<statBases>
		  <WorkToMake>5000</WorkToMake>
		  <MarketValue>100</MarketValue>
	      <MaxHitPoints>80</MaxHitPoints>
          <Mass>2.5</Mass>
	      <StuffEffectMultiplierArmor>1.00</StuffEffectMultiplierArmor>
	      <EquipDelay>2</EquipDelay>
		</statBases>

		<equippedStatOffsets>
		  <MoveSpeed>-0.10</MoveSpeed>
		</equippedStatOffsets>

		<thingCategories>
		  <li>ApparelArmor</li>
		</thingCategories>

		<costList>
		  <Cloth>10</Cloth>
			<Plasteel>5</Plasteel>
		</costList>
		  <stuffCategories>
		  <li>Metallic</li>
		</stuffCategories>
		<costStuffCount>10</costStuffCount>

		<apparel>
				<bodyPartGroups>
					<li>Feet</li>
				</bodyPartGroups>
		  <useWornGraphicMask>True</useWornGraphicMask>
				<layers>
					<li>Middle</li>
				</layers>
		  <tags>
			<li>IndustrialMilitaryBasic</li>
			<li>IndustrialMilitaryAdvanced</li>
			<li>OutlanderAdvanced</li>			
			<li>SpacerMilitary</li>		
		  </tags>
		  <defaultOutfitTags>
			<li>Soldier</li>
		  </defaultOutfitTags>
		</apparel>
		
		<colorGenerator Class="ColorGenerator_StandardApparel" />
  </ThingDef>

<!-- Gauntlets --> 
	<ThingDef ParentName="ArmorHelmetMakeableBase">
		<defName>KP_Armored_Gloves</defName>
		<label>Carapace Gauntlets</label>
		<description>Originally the Carapace Armor system did not include armor for hands. Many soldiers often complained about the lack of dexterity when handling their equipment, which left many of these gauntlets abandoned on the battlefields. Though when armies found themselves fighting the Insectoids during the War for Ramaal, many soldiers found the additional armor beneficial after seeing many of their allies dismembered. Bulky, cumbersome, and heavy, these gauntlets provide a level of protection that has kept many soldiers safe.</description>
		<techLevel>Spacer</techLevel>

		<recipeMaker>
		  <researchPrerequisite>LateIndustrialFlakArmor</researchPrerequisite>      
		  <unfinishedThingDef>UnfinishedTechArmor</unfinishedThingDef>
		  <skillRequirements>
			<Crafting>5</Crafting>
		  </skillRequirements>
		  <recipeUsers Inherit="false">
			<li>TableMachining</li>
		  </recipeUsers>	
		</recipeMaker>	

		<graphicData>
		  <texPath>Armor/ArmoredGloves/ArmoredGloves</texPath>
		  <graphicClass>Graphic_Single</graphicClass>
			<shaderType>CutoutComplex</shaderType>          
		</graphicData>
		
		<uiIconScale>2</uiIconScale>		

		<statBases>
		  <WorkToMake>5000</WorkToMake>
		  <MarketValue>100</MarketValue>
	      <MaxHitPoints>60</MaxHitPoints>
	      <Mass>1.5</Mass>
	      <StuffEffectMultiplierArmor>1.00</StuffEffectMultiplierArmor>
		  <EquipDelay>2</EquipDelay>
		</statBases>

			<equippedStatOffsets>
				<WorkSpeedGlobal>-0.05</WorkSpeedGlobal>
			</equippedStatOffsets>

		<thingCategories>
		  <li>ApparelArmor</li>
		</thingCategories>

		<costList>
		  <Cloth>10</Cloth>
			<Plasteel>5</Plasteel>
		</costList>
		  <stuffCategories>
		  <li>Metallic</li>
		</stuffCategories>
		<costStuffCount>10</costStuffCount>

		<apparel>
				<bodyPartGroups>
					<li>Hands</li>
				</bodyPartGroups>
		  <useWornGraphicMask>True</useWornGraphicMask>
				<layers>
					<li>Middle</li>
				</layers>
		  <tags>
			<li>IndustrialMilitaryBasic</li>
			<li>IndustrialMilitaryAdvanced</li>
			<li>OutlanderAdvanced</li>			
			<li>SpacerMilitary</li>		
		  </tags>
		  <defaultOutfitTags>
			<li>Soldier</li>
		  </defaultOutfitTags>
		</apparel>
		
		<colorGenerator Class="ColorGenerator_StandardApparel" />
  </ThingDef>

</Defs>