<?xml version="1.0" encoding="utf-8"?>
<Defs>

	<!-- Retro Rifle -->
  <ThingDef ParentName="BaseBullet">
    <defName>KP_Bullet_Retro_Rifle</defName>
    <label>retro rifle bullets</label>
    <graphicData>
      <texPath>Things/Projectile/Bullet_Small</texPath>
      <graphicClass>Graphic_Single</graphicClass>
    </graphicData>
    <projectile>
      <flyOverhead>false</flyOverhead>
      <damageDef>Bullet</damageDef>
      <damageAmountBase>12</damageAmountBase>
      <speed>65</speed>
    </projectile>
  </ThingDef>	
  
  <ThingDef ParentName="BaseHumanMakeableGun">
    <defName>KP_Retro_Rifle</defName>
    <label>Retro Rifle</label>
    <description>Nostalgia is a hell of a thing. People appreciate a classic or at least the idea of a classic, so many companies put our various “retro” themed weaponry. The “Retro” Weapon market leads to many interesting designs that feel old but are in fact very new. This model being built of a famous weapon used centuries ago during humanity’s Dark Age. Though not a direct copy this imitation still sells well enough and maintains enough aspects of the original that many don’t notice the difference. Often found in the hands of the middle-class mercenary or with people who assumed this would be more useful than a classic car on the Rim.</description>
    <graphicData>
      <texPath>Weapons/Retro Rifle/Retro_Rifle</texPath>
      <graphicClass>Graphic_Single</graphicClass>
    </graphicData>
    <soundInteract>Interact_Rifle</soundInteract>
    
	<recipeMaker>
	  <recipeUsers>
		<li>TableMachining</li>
	  </recipeUsers>
      <researchPrerequisite>SurplusWeaponsInfantry</researchPrerequisite>
      <skillRequirements>
        <Crafting>8</Crafting>
      </skillRequirements>
    </recipeMaker>
    
	<statBases>
      <WorkToMake>38000</WorkToMake>
      <Mass>4.5</Mass>
      <AccuracyTouch>0.60</AccuracyTouch>
      <AccuracyShort>0.60</AccuracyShort>
      <AccuracyMedium>0.55</AccuracyMedium>
      <AccuracyLong>0.45</AccuracyLong>
      <RangedWeapon_Cooldown>1.70</RangedWeapon_Cooldown>
    </statBases>
    
	<costList>
      <Steel>75</Steel>
      <ComponentIndustrial>8</ComponentIndustrial>
    </costList>
    
	<verbs>
      <li>
        <verbClass>Verb_Shoot</verbClass>
        <hasStandardCommand>true</hasStandardCommand>
        <defaultProjectile>KP_Bullet_Retro_Rifle</defaultProjectile>
        <warmupTime>1.0</warmupTime>
        <range>28.0</range>
        <burstShotCount>4</burstShotCount>
        <ticksBetweenBurstShots>10</ticksBetweenBurstShots>
        <soundCast>Shot_AssaultRifle</soundCast>
        <soundCastTail>GunTail_Medium</soundCastTail>
        <muzzleFlashScale>9</muzzleFlashScale>
      </li>
    </verbs>
	
	<weaponTags>
		<li>IndustrialGunAdvanced</li>
		<li>AssaultRifle</li>		
	</weaponTags>
    
	<tools>
      <li>
        <label>stock</label>
        <capacities>
          <li>Blunt</li>
        </capacities>
        <power>10</power>
        <cooldownTime>2</cooldownTime>
      </li>
      <li>
        <label>barrel</label>
        <capacities>
          <li>Blunt</li>
          <li>Poke</li>
        </capacities>
        <power>9</power>
        <cooldownTime>2</cooldownTime>
      </li>
    </tools>
  </ThingDef>

	<!-- Heavy Autoloader Rifle -->
  <ThingDef ParentName="BaseBullet">
    <defName>KP_Bullet_autoloader_rifle</defName>
    <label>heavy "autoloader" rifle bullets</label>
    <graphicData>
      <texPath>Projectile/Autoloader_16MM</texPath>
      <graphicClass>Graphic_Single</graphicClass>
    </graphicData>
    <projectile>
      <flyOverhead>false</flyOverhead>
      <damageDef>Bullet</damageDef>
      <damageAmountBase>24</damageAmountBase>
      <speed>55</speed>
    </projectile>
  </ThingDef>		
	
  <ThingDef ParentName="BaseHumanMakeableGun">
    <defName>KP_Autoloader_Rifle</defName>
    <label>Heavy "Autoloader" Rifle</label>
    <description>The Last of the ill-fated “Autoloader” series of rifles, designed in the furnaces of Warworlds during the Inter-Humanity Wars. A 16.5MM Light Cannon was seen as the pinnacle of the Assault Rifle genus, it easily penetrated Human made armor and even capable of disabling light vehicles and aircraft. The massive flaw of this weapon though was weight, light cannons are in fact not light, and these weapons often were used less and less when the Mechanoid threat arrived. Though capable of killing Mechanoids and Insectoids easily, they fell to the wayside when Charge Based Weaponry came into play. An effective alternative to Assault Rifles and Charge Rifles, that is if you can carry it.</description>
    <graphicData>
      <texPath>Weapons/Autoloader Rifle/autoloader_rifle</texPath>
      <graphicClass>Graphic_Single</graphicClass>
    </graphicData>
    <soundInteract>Interact_Rifle</soundInteract>
    
	<recipeMaker>
	  <recipeUsers>
		<li>TableMachining</li>
	  </recipeUsers>
      <researchPrerequisite>SurplusWeaponsInfantry</researchPrerequisite>
      <skillRequirements>
        <Crafting>10</Crafting>
      </skillRequirements>
    </recipeMaker>
    
	<statBases>
      <WorkToMake>45000</WorkToMake>
      <Mass>10</Mass>
      <AccuracyTouch>0.55</AccuracyTouch>
      <AccuracyShort>0.70</AccuracyShort>
      <AccuracyMedium>0.75</AccuracyMedium>
      <AccuracyLong>0.75</AccuracyLong>
      <RangedWeapon_Cooldown>2.2</RangedWeapon_Cooldown>
    </statBases>
    
	<costList>
      <Steel>115</Steel>
      <ComponentIndustrial>12</ComponentIndustrial>
    </costList>
    
	<verbs>
      <li>
        <verbClass>Verb_Shoot</verbClass>
        <hasStandardCommand>true</hasStandardCommand>
        <defaultProjectile>KP_Bullet_autoloader_rifle</defaultProjectile>
        <warmupTime>1.5</warmupTime>
        <range>33.0</range>
        <burstShotCount>1</burstShotCount>
        <ticksBetweenBurstShots>15</ticksBetweenBurstShots>
        <soundCast>KP_Shot_Autoloader_Rifle</soundCast>
        <soundCastTail>GunTail_Heavy</soundCastTail>
        <muzzleFlashScale>12</muzzleFlashScale>
      </li>
    </verbs>
	
	<weaponTags>
		<li>IndustrialGunAdvanced</li>
		<li>AssaultRifle</li>		
	</weaponTags>
    
	<tools>
      <li>
        <label>stock</label>
        <capacities>
          <li>Blunt</li>
        </capacities>
        <power>10</power>
        <cooldownTime>2</cooldownTime>
      </li>
      <li>
        <label>barrel</label>
        <capacities>
          <li>Blunt</li>
          <li>Poke</li>
        </capacities>
        <power>9</power>
        <cooldownTime>2</cooldownTime>
      </li>
    </tools>
  </ThingDef>


	<!-- Super-Shotgun -->
  <ThingDef ParentName="BaseBullet">
    <defName>KP_Bullet_super_shotgun</defName>
    <label>super shotgun bullets</label>
    <graphicData>
      <texPath>Things/Projectile/Bullet_Shotgun</texPath>
      <graphicClass>Graphic_Single</graphicClass>
    </graphicData>
    <projectile>
      <flyOverhead>false</flyOverhead>
      <damageDef>Bullet</damageDef>
      <damageAmountBase>13</damageAmountBase>
      <stoppingPower>2</stoppingPower>	  
      <speed>55</speed>
    </projectile>
  </ThingDef>		
	
  <ThingDef ParentName="BaseHumanMakeableGun">
    <defName>KP_Super_Shotgun</defName>
    <label>Super-Shotgun</label>
    <description>The name much like the gun was a marketing ploy to get people to buy this unorthodox shotgun. A double barrel pulse action shotgun firing 10 gauge using an experimental caseless ammo system. The main selling point was with two barrels and two tubes, you can have one barrel firing shot from an unrifled barrel while the other fires slugs from a rifled barrel. A cute concept though not groundbreaking. It sold enough to keep the company afloat, but it went gangbusters when Mechanoids invaded. The gun was configured to fire explosive shells and EMP slugs, to counter Mechanoids with shields, though most people like the versatility of shot. Unlike other weapons, this isn’t surplus, its part of expanding the market.</description>
    <graphicData>
      <texPath>Weapons/Super-Shotgun/super_shotgun</texPath>
      <graphicClass>Graphic_Single</graphicClass>
    </graphicData>
    <soundInteract>Interact_Shotgun</soundInteract>
    <weaponClasses>
      <li>ShortShots</li>
    </weaponClasses>
	
    <recipeMaker>
      <researchPrerequisite>SurplusWeaponsInfantry</researchPrerequisite>
      <skillRequirements>
        <Crafting>8</Crafting>
      </skillRequirements>
      <displayPriority>435</displayPriority>
    </recipeMaker>
	
    <statBases>
      <WorkToMake>40000</WorkToMake>
      <Mass>5.5</Mass>
      <AccuracyTouch>0.60</AccuracyTouch>
      <AccuracyShort>0.80</AccuracyShort>
      <AccuracyMedium>0.75</AccuracyMedium>
      <AccuracyLong>0.70</AccuracyLong>
      <RangedWeapon_Cooldown>1.1</RangedWeapon_Cooldown>
    </statBases>
    <costList>
      <Steel>70</Steel>
      <ComponentIndustrial>5</ComponentIndustrial>
    </costList>
	
    <verbs>
      <li>
        <verbClass>Verb_Shoot</verbClass>
        <hasStandardCommand>true</hasStandardCommand>
        <defaultProjectile>KP_Bullet_super_shotgun</defaultProjectile>
        <warmupTime>1.0</warmupTime>
        <range>16.0</range>
        <burstShotCount>2</burstShotCount>
        <ticksBetweenBurstShots>8</ticksBetweenBurstShots>
        <soundCast>Shot_Shotgun</soundCast>
        <soundCastTail>GunTail_Heavy</soundCastTail>
        <muzzleFlashScale>9</muzzleFlashScale>
      </li>
    </verbs>
	
    <weaponTags>
      <li>IndustrialGunAdvanced</li>
      <li>ShortShots</li>
    </weaponTags>
	
    <tools>
      <li>
        <label>stock</label>
        <capacities>
          <li>Blunt</li>
        </capacities>
        <power>9</power>
        <cooldownTime>2</cooldownTime>
      </li>
      <li>
        <label>barrel</label>
        <capacities>
          <li>Blunt</li>
          <li>Poke</li>
        </capacities>
        <power>9</power>
        <cooldownTime>2</cooldownTime>
      </li>
    </tools>
  </ThingDef>


	<!-- Assault Pistol -->
  <ThingDef ParentName="BaseBullet">
    <defName>KP_Bullet_assault_pistol</defName>
    <label>assault pistol bullet</label>
    <graphicData>
      <texPath>Things/Projectile/Bullet_Small</texPath>
      <graphicClass>Graphic_Single</graphicClass>
    </graphicData>
    <projectile>
      <flyOverhead>false</flyOverhead>
      <damageDef>Bullet</damageDef>
      <damageAmountBase>14</damageAmountBase>
      <armorPenetrationBase>0.25</armorPenetrationBase>	  
      <speed>45</speed>
    </projectile>
  </ThingDef>	
	
  <ThingDef ParentName="BaseHumanMakeableGun">
    <defName>KP_Assault_Pistol</defName>
    <label>Assault Pistol</label>
    <description>The Last Remnant of the Inter-Humanity Wars. Built on the idea of an “Offensive Pistol” for Trench Raiders on worlds consumed by conflicts, good for penetrating human made armor. When the Mechanoids emerged, that concept fell apart with the failure of these pistols to easily penetrate Mechanoid armor. Their use would continue against Insectoids, but the low magazine capacity would leave this pistol in the dust compared to its competitors. Obsolescence would usually leave guns in the hands of gang members and the Third-Worlders but not the Assault Pistol. Now it has a second life in the Rim, in the hands of militias, pirates, and anyone who can afford them in bulk.</description>
    <graphicData>
      <texPath>Weapons/Assault Pistol/assault_pistol</texPath>
      <graphicClass>Graphic_Single</graphicClass>
    </graphicData>
    <soundInteract>Interact_Autopistol</soundInteract>
	
    <recipeMaker>
	  <recipeUsers>
		<li>TableMachining</li>
	  </recipeUsers>
      <researchPrerequisite>SurplusWeaponsInfantry</researchPrerequisite>
      <skillRequirements>
        <Crafting>6</Crafting>
      </skillRequirements>
    </recipeMaker>
	
    <statBases>
      <WorkToMake>5000</WorkToMake>
      <Mass>2</Mass>
      <AccuracyTouch>0.55</AccuracyTouch>
      <AccuracyShort>0.65</AccuracyShort>
      <AccuracyMedium>0.55</AccuracyMedium>
      <AccuracyLong>0.45</AccuracyLong>
      <RangedWeapon_Cooldown>1.2</RangedWeapon_Cooldown>
    </statBases>
    <costList>
      <Steel>30</Steel>
      <ComponentIndustrial>2</ComponentIndustrial>
    </costList>
	
    <verbs>
      <li>
        <verbClass>Verb_Shoot</verbClass>
        <hasStandardCommand>true</hasStandardCommand>
        <defaultProjectile>KP_Bullet_assault_pistol</defaultProjectile>
        <warmupTime>0.4</warmupTime>
        <range>25.0</range>
        <soundCast>Shot_Autopistol</soundCast>
        <soundCastTail>GunTail_Medium</soundCastTail>
        <muzzleFlashScale>9</muzzleFlashScale>
      </li>
    </verbs>
	
    <weaponTags>
      <li>SimpleGun</li>
    </weaponTags>
	
    <tools>
      <li>
        <label>grip</label>
        <capacities>
          <li>Blunt</li>
        </capacities>
        <power>8</power>
        <cooldownTime>2</cooldownTime>
      </li>
      <li>
        <label>barrel</label>
        <capacities>
          <li>Blunt</li>
          <li>Poke</li>
        </capacities>
        <power>8</power>
        <cooldownTime>2</cooldownTime>
      </li>
    </tools>
  </ThingDef>
  
  
<!-- Trench Spike -->  
	<ThingDef ParentName="BaseMeleeWeapon_Sharp_Quality">
	<defName>KP_Trench_Spike</defName>
	<label>Trench Spike</label>
	<description>Originally an ancient design from the Inter-Humanity Wars, now finds new life in the Rim. When warfare eventually fell into stagnation and trenches, this ancient weapon was again found in the hands of those in the trenches. Often hand-made by Army Blacksmiths, they come in a variety of shapes, sizes, and materials yet this design is the most popular. Unlike many weapons though, this one still found use against Insectoids. The spike blade would easily penetrate the chitin of an Insectoid and many veterans found themselves brave enough to do so.</description>
	<graphicData>
		<texPath>Weapons/Trench Spike/trench_spike</texPath>
		<graphicClass>Graphic_Single</graphicClass>
	</graphicData>
    <techLevel>Industrial</techLevel>
	
    <costStuffCount>50</costStuffCount>
	<statBases>
		<WorkToMake>6400</WorkToMake>
		<Mass>0.5</Mass>
	</statBases>
	<equippedAngleOffset>-65</equippedAngleOffset>
	<stuffCategories>
		<li>Metallic</li>
	</stuffCategories>
	
    <tools>
      <li>
        <label>handle</label>
        <capacities>
          <li>Blunt</li>
        </capacities>
        <power>9</power>
        <cooldownTime>2</cooldownTime>
      </li>
      <li>
        <label>guard</label>
        <capacities>
          <li>Blunt</li>
        </capacities>
        <power>10</power>
        <cooldownTime>2</cooldownTime>
      </li>	  
      <li>
        <label>blade</label>
        <capacities>
          <li>Cut</li>
        </capacities>
        <power>14</power>
        <cooldownTime>1.5</cooldownTime>
      </li>
      <li>
        <label>point</label>
        <capacities>
          <li>Stab</li>
        </capacities>
        <power>14</power>
		<armorPenetration>0.15</armorPenetration>
        <cooldownTime>1.5</cooldownTime>
      </li>
    </tools>
	
	<recipeMaker>
	  <recipeUsers>
		<li>FueledSmithy</li>
		<li>ElectricSmithy</li>
	  </recipeUsers>	  
      <researchPrerequisite>SurplusWeaponsInfantry</researchPrerequisite>	  
      <skillRequirements>
        <Crafting>5</Crafting>
      </skillRequirements>
    </recipeMaker>
  </ThingDef>

	<!-- Hyper-SMG -->
	
  <ThingDef ParentName="BaseBullet">
    <defName>KP_Bullet_HyperSMG</defName>
    <label>Hyper-SMG pistol bullet</label>
    <graphicData>
      <texPath>Things/Projectile/Bullet_Small</texPath>
      <graphicClass>Graphic_Single</graphicClass>
    </graphicData>
    <projectile>
      <damageDef>Bullet</damageDef>
      <damageAmountBase>5</damageAmountBase>
      <speed>55</speed>
    </projectile>
  </ThingDef>

  <ThingDef ParentName="BaseHumanMakeableGun">
    <defName>KP_Gun_HyperSMG</defName>
    <label>Hyper-SMG</label>
    <description>An interesting story surrounds this small submachine gun, a decade spanning project and a strange idea about hit probability and even more ancient technology. This weapon is the final product of PROJECT: VOLLEY, a weapon program to design a gun that would fire many bullets so fast than the soldier firing would only feel the recoil of one of those shots. The highest they were able to get was seven bullets and the bullets had gotten so small by the end of the project to avoid tumbling after exiting the barrel. With the success of this project, they began to sell the gun to any organization that could afford it. Sadly, nobody had any use for a literal bullet hose, so the company failed and now their stock has begun being sold to the Rim, so are you gonna buy some? Please say yes, my family is so hungry.</description>
    <graphicData>
      <texPath>Weapons/Hyper-SMG/hyper_smg</texPath>
      <graphicClass>Graphic_Single</graphicClass>
    </graphicData>
    <soundInteract>Interact_SMG</soundInteract>
    <recipeMaker>
      <researchPrerequisite>SurplusWeaponsExperimental</researchPrerequisite>
      <skillRequirements>
        <Crafting>5</Crafting>
      </skillRequirements>
	  <recipeUsers>
		<li>TableMachining</li>
	  </recipeUsers>
    </recipeMaker>
    <statBases>
      <WorkToMake>13000</WorkToMake>
      <Mass>2.7</Mass>
      <AccuracyTouch>0.90</AccuracyTouch>
      <AccuracyShort>0.45</AccuracyShort>
      <AccuracyMedium>0.25</AccuracyMedium>
      <AccuracyLong>0.10</AccuracyLong>
      <RangedWeapon_Cooldown>1.0</RangedWeapon_Cooldown>
    </statBases>
    <costList>
      <Steel>45</Steel>
      <ComponentIndustrial>3</ComponentIndustrial>
    </costList>
    <verbs>
      <li>
        <verbClass>Verb_Shoot</verbClass>
        <hasStandardCommand>true</hasStandardCommand>
        <defaultProjectile>KP_Bullet_HyperSMG</defaultProjectile>
        <warmupTime>0.5</warmupTime>
        <range>17.9</range>
        <burstShotCount>7</burstShotCount>
        <ticksBetweenBurstShots>4</ticksBetweenBurstShots>
        <soundCast>Shot_HeavySMG</soundCast>
        <soundCastTail>GunTail_Light</soundCastTail>
        <muzzleFlashScale>9</muzzleFlashScale>
      </li>
    </verbs>
    <weaponTags>
      <li>IndustrialGunAdvanced</li>
    </weaponTags>
    <tools>
      <li>
        <label>grip</label>
        <capacities>
          <li>Blunt</li>
        </capacities>
        <power>7</power>
        <cooldownTime>2</cooldownTime>
      </li>
      <li>
        <label>barrel</label>
        <capacities>
          <li>Blunt</li>
          <li>Poke</li>
        </capacities>
        <power>9</power>
        <cooldownTime>2</cooldownTime>
      </li>
    </tools>
  </ThingDef>	
	
	<!-- Hyperblaster -->

  <ThingDef ParentName="BaseBullet">
    <defName>KP_Bullet_Hyperblaster</defName>
    <label>Hyperblaster shot</label>
    <graphicData>
      <texPath>Things/Projectile/Charge_Small</texPath>
      <graphicClass>Graphic_Single</graphicClass>
      <shaderType>TransparentPostLight</shaderType>
      <drawSize>0.8</drawSize>
    </graphicData>
    <projectile>
      <damageDef>Bullet</damageDef>
      <damageAmountBase>9</damageAmountBase>
	  <armorPenetrationBase>0.35</armorPenetrationBase>
      <stoppingPower>1</stoppingPower>
      <speed>60</speed>
    </projectile>
  </ThingDef>

  <ThingDef ParentName="BaseHumanMakeableGun">
    <defName>KP_Hyperblaster</defName>
    <label>Hyperblaster</label>
    <description>A charged-shot light machine gun. Pulse-charge technology charges each shot with unstable energy as it leaves the barrel. Released on impact, the charged energy greatly increases the damage done.\n\nCharge light machine gun fires a volley of projectiles at extreme speed which makes it ideal for area denial.</description>
    <techLevel>Industrial</techLevel>
    <graphicData>
      <texPath>Weapons/Hyperblaster/hyperblaster</texPath>
      <graphicClass>Graphic_Single</graphicClass>
    </graphicData>
    <soundInteract>Interact_ChargeLance</soundInteract>
    <statBases>
      <Mass>8.5</Mass>
      <AccuracyTouch>0.4</AccuracyTouch>
      <AccuracyShort>0.44</AccuracyShort>
      <AccuracyMedium>0.30</AccuracyMedium>
      <AccuracyLong>0.21</AccuracyLong>
      <RangedWeapon_Cooldown>2.2</RangedWeapon_Cooldown>
      <WorkToMake>50000</WorkToMake>
    </statBases>
    <recipeMaker>
      <researchPrerequisite>SurplusWeaponsExperimental</researchPrerequisite>
      <skillRequirements>
        <Crafting>10</Crafting>
      </skillRequirements>
      <recipeUsers Inherit="False">
        <li>FabricationBench</li>
      </recipeUsers>
    </recipeMaker>
    <costList>
      <Plasteel>80</Plasteel>
      <ComponentSpacer>4</ComponentSpacer>
    </costList>
    <weaponTags>
      <li>SpacerGun</li>
    </weaponTags>
    <verbs>
      <li>
        <verbClass>Verb_Shoot</verbClass>
        <hasStandardCommand>true</hasStandardCommand>
        <defaultProjectile>KP_Bullet_Hyperblaster</defaultProjectile>
        <warmupTime>1.8</warmupTime>
        <range>27.9</range>
        <ticksBetweenBurstShots>4</ticksBetweenBurstShots>
        <burstShotCount>12</burstShotCount>
        <soundCast>Shot_ChargeBlaster</soundCast>
        <soundCastTail>GunTail_Heavy</soundCastTail>
        <muzzleFlashScale>9</muzzleFlashScale>
      </li>
    </verbs>
    <tools>
      <li>
        <label>barrel</label>
        <capacities>
          <li>Blunt</li>
          <li>Poke</li>
        </capacities>
        <power>10</power>
        <cooldownTime>2</cooldownTime>
      </li>
    </tools>
  </ThingDef>

	<!-- Chem-Rail Rifle -->	
  <ThingDef ParentName="BaseBullet">
    <defName>Bullet_Chemrail_Rifle</defName>
    <label>chem-rail impact shell</label>
    <projectile>
      <damageDef>Bullet</damageDef>
      <damageAmountBase>60</damageAmountBase>
      <stoppingPower>3</stoppingPower>
      <armorPenetrationBase>1</armorPenetrationBase>
      <speed>75</speed>
    </projectile>
    <graphicData>
      <texPath>Projectile/Chemrail_Round</texPath>
      <graphicClass>Graphic_Single</graphicClass>
    </graphicData>
  </ThingDef>

  <ThingDef ParentName="BaseHumanMakeableGun">
    <defName>KP_Chemrail_Rifle</defName>
    <label>Chem-Rail Rifle</label>
    <description>An example of the steppingstone between chemical ballistic and magnet ballistic weaponry. A solid ferrous bullet is fired through barrel surrounded by magnetic field generating rails, pushing the bullet far past the speed of sound. Sounds like a genius idea, essentially doubling the life span and abilities of any gunpowder firearm through simple upgrade. Turns out that conversion Chem-Rail Rifles have half the lifespan of purpose-built Chem-Rail Rifles, this was by design so the company could sell more guns they produced rather than just selling conversion kits. Of course, they were eventually blown out of the market by Charge weapons, leaving only the aftermarket for many of these guns as their creator company is now playing catch-up.</description>
    <graphicData>
      <texPath>Weapons/Chem-Rail Rifle/chemrail_rifle</texPath>
      <graphicClass>Graphic_Single</graphicClass>
	  <drawSize>1.34</drawSize>
    </graphicData>
    <soundInteract>Interact_Rifle</soundInteract>
    <statBases>
      <WorkToMake>60000</WorkToMake>
      <Mass>8</Mass>
      <AccuracyTouch>0.3</AccuracyTouch>
      <AccuracyShort>0.45</AccuracyShort>
      <AccuracyMedium>0.75</AccuracyMedium>
      <AccuracyLong>0.92</AccuracyLong>
      <RangedWeapon_Cooldown>3.8</RangedWeapon_Cooldown>
    </statBases>
	<equippedStatOffsets>
      <MoveSpeed>-0.25</MoveSpeed>
	</equippedStatOffsets>
    <costList>
      <Steel>160</Steel>
      <ComponentIndustrial>16</ComponentIndustrial>
    </costList>
    <recipeMaker>
	  <recipeUsers>
		<li>TableMachining</li>
	  </recipeUsers>
      <researchPrerequisite>SurplusWeaponsExperimental</researchPrerequisite>
      <skillRequirements>
        <Crafting>8</Crafting>
      </skillRequirements>
    </recipeMaker>
    <verbs>
      <li>
        <verbClass>Verb_Shoot</verbClass>
        <hasStandardCommand>true</hasStandardCommand>
        <defaultProjectile>Bullet_Chemrail_Rifle</defaultProjectile>
        <warmupTime>4.6</warmupTime>
        <range>44.9</range>
        <soundCast>KP_Shot_ChemRail_Rifle</soundCast>
        <soundCastTail>GunTail_Heavy</soundCastTail>
        <muzzleFlashScale>9</muzzleFlashScale>
      </li>
    </verbs>
	<weaponTags Inherit="False">
		<li>SniperRifle</li>
	</weaponTags>
    <tools>
      <li>
        <label>stock</label>
        <capacities>
          <li>Blunt</li>
        </capacities>
        <power>14</power>
        <cooldownTime>2</cooldownTime>
      </li>
      <li>
        <label>barrel</label>
        <capacities>
          <li>Blunt</li>
          <li>Poke</li>
        </capacities>
        <power>9</power>
        <cooldownTime>2</cooldownTime>
      </li>
    </tools>
  </ThingDef>

</Defs>