<?xml version="1.0" encoding="utf-8"?>
<Defs>

  <ThingDef Name= "KP_CarapaceHelmets" ParentName= "ArmorHelmetMakeableBase" Abstract= "true">
    <techLevel>Spacer</techLevel>
    <apparel>
      <countsAsClothingForNudity>false</countsAsClothingForNudity>
      <tags>
        <li>KP_CarapaceHelmets</li>
      </tags>
      <defaultOutfitTags>
        <li>Soldier</li>
      </defaultOutfitTags>
      <useWornGraphicMask>true</useWornGraphicMask>
      <useDeflectMetalEffect>true</useDeflectMetalEffect>
    </apparel>
  </ThingDef>

<!-- Carapace Helmet - Light -->
    <ThingDef ParentName="ArmorHelmetMakeableBase">
		<defName>KP_Light_Flak_Helmet</defName>
		<label>Carapace Helmet</label>
		<description>Based on an ancient design of headwear, this helmet was designed for usage during Attrition Warfare. From the most brutal of trenches this helmet protects from Carapace and shrapnel that often finds soldiers in the trenches. Though lacking the finer details of more modern designs it makes up for it through the ease of production of this helmet. Its composition allows a versatile usage, being made from a composite of plasteel and a base metal that ensures even soldiers on the most barren of worlds will have adequate protection from their enemies.</description>
		<techLevel>Spacer</techLevel>

		<recipeMaker>
		  <researchPrerequisite>LateIndustrialFlakArmor</researchPrerequisite>
		  <unfinishedThingDef>UnfinishedTechArmor</unfinishedThingDef>
		  <skillRequirements>
			<Crafting>5</Crafting>
		  </skillRequirements>
		  <recipeUsers Inherit="false">
			<li>TableMachining</li>
		  </recipeUsers>		  
		</recipeMaker>

		<graphicData>
		  <texPath>Helmets/LightHelmet/LightHelmet</texPath>
		  <graphicClass>Graphic_Single</graphicClass>
			<shaderType>CutoutComplex</shaderType>
		</graphicData>

		<statBases>
		  <WorkToMake>7000</WorkToMake>
		  <MaxHitPoints>110</MaxHitPoints>
		  <Mass>1</Mass>
		  <StuffEffectMultiplierArmor>0.65</StuffEffectMultiplierArmor>
		  <EquipDelay>5</EquipDelay>
		</statBases>

		<equippedStatOffsets>
		  <MoveSpeed>-0.01</MoveSpeed>
		</equippedStatOffsets>

		<thingCategories>
		  <li>ApparelArmor</li>
		</thingCategories>

		<costList>
		  <Cloth>10</Cloth>
		  <Plasteel>5</Plasteel>
		  <ComponentIndustrial>1</ComponentIndustrial>
		</costList>
		<stuffCategories>
		  <li>Metallic</li>
		</stuffCategories>
		<costStuffCount>40</costStuffCount>

		<apparel>
		  <bodyPartGroups>
			<li>UpperHead</li>
		  </bodyPartGroups>
		  <wornGraphicPath>Helmets/LightHelmet/LightHelmet</wornGraphicPath>
		  <useWornGraphicMask>True</useWornGraphicMask>
		  <layers>
			<li>Overhead</li>
		  </layers>
		  <tags>
			<li>IndustrialMilitaryBasic</li>
			<li>IndustrialMilitaryAdvanced</li>
			<li>OutlanderAdvanced</li>			
			<li>SpacerMilitary</li>		
		  </tags>
		  <defaultOutfitTags>
			<li>Soldier</li>
		  </defaultOutfitTags>
		</apparel>

		<colorGenerator Class="ColorGenerator_StandardApparel" />
     </ThingDef>

<!-- Carapace Helmet - Light Medic -->

    <ThingDef ParentName="ArmorHelmetMakeableBase">
		<defName>KP_Light_Flak_Helmet_Medic</defName>
		<label>Carapace Helmet (Medic)</label>
		<description>Based on an ancient design of headwear, this helmet was designed for usage during Attrition Warfare. From the most brutal of trenches this helmet protects from Carapace and shrapnel that often finds soldiers in the trenches. Though lacking the finer details of more modern designs it makes up for it through the ease of production of this helmet. Its composition allows a versatile usage, being made from a composite of plasteel and a base metal that ensures even soldiers on the most barren of worlds will have adequate protection from their enemies.
		
This variant is marked for usage by Medical staff.</description>
		<techLevel>Spacer</techLevel>

		<recipeMaker>
		  <researchPrerequisite>SpecializedFlakArmor</researchPrerequisite>
		  <unfinishedThingDef>UnfinishedTechArmor</unfinishedThingDef>
		  <skillRequirements>
			<Crafting>5</Crafting>
		  </skillRequirements>
		  <recipeUsers Inherit="false">
			<li>TableMachining</li>
		  </recipeUsers>
		</recipeMaker>

		<graphicData>
		  <texPath>Helmets/LightHelmetMedic/LightHelmetMedic</texPath>
		  <graphicClass>Graphic_Single</graphicClass>
			<shaderType>CutoutComplex</shaderType>
		</graphicData>

		<statBases>
		  <WorkToMake>7000</WorkToMake>
		  <MaxHitPoints>110</MaxHitPoints>
		  <Mass>1</Mass>
		  <StuffEffectMultiplierArmor>0.65</StuffEffectMultiplierArmor>
		  <EquipDelay>5</EquipDelay>
		</statBases>

		<equippedStatOffsets>
		  <MoveSpeed>-0.01</MoveSpeed>
		</equippedStatOffsets>

		<thingCategories>
		  <li>ApparelArmor</li>
		</thingCategories>

		<costList>
		  <Cloth>10</Cloth>
		  <Plasteel>5</Plasteel>
		  <ComponentIndustrial>1</ComponentIndustrial>
		</costList>
		<stuffCategories>
		  <li>Metallic</li>
		</stuffCategories>
		<costStuffCount>40</costStuffCount>

		<apparel>
		  <bodyPartGroups>
			<li>UpperHead</li>
		  </bodyPartGroups>
		  <wornGraphicPath>Helmets/LightHelmetMedic/LightHelmetMedic</wornGraphicPath>
		  <useWornGraphicMask>True</useWornGraphicMask>
		  <layers>
			<li>Overhead</li>
		  </layers>
		  <tags>
			<li>IndustrialMilitaryBasic</li>
			<li>IndustrialMilitaryAdvanced</li>
			<li>OutlanderMedic</li>			
			<li>SpacerMilitary</li>		
		  </tags>
		  <defaultOutfitTags>
			<li>Soldier</li>
		  </defaultOutfitTags>
		</apparel>

		<colorGenerator Class="ColorGenerator_StandardApparel" />
  </ThingDef>

<!-- Carapace Helmet - Light Support -->

    <ThingDef ParentName="ArmorHelmetMakeableBase">
		<defName>KP_Light_Flak_Helmet_Support</defName>
		<label>Carapace Helmet (Engineer)</label>
		<description>Based on an ancient design of headwear, this helmet was designed for usage during Attrition Warfare. From the most brutal of trenches this helmet protects from Carapace and shrapnel that often finds soldiers in the trenches. Though lacking the finer details of more modern designs it makes up for it through the ease of production of this helmet. Its composition allows a versatile usage, being made from a composite of plasteel and a base metal that ensures even soldiers on the most barren of worlds will have adequate protection from their enemies.
		
This variant is marked for usage by Engineering staff.</description>
		<techLevel>Spacer</techLevel>

		<recipeMaker>
		  <researchPrerequisite>SpecializedFlakArmor</researchPrerequisite>
		  <unfinishedThingDef>UnfinishedTechArmor</unfinishedThingDef>
		  <skillRequirements>
			<Crafting>5</Crafting>
		  </skillRequirements>
		  <recipeUsers Inherit="false">
			<li>TableMachining</li>
		  </recipeUsers>
		</recipeMaker>

		<graphicData>
		  <texPath>Helmets/LightHelmetSupport/LightHelmetSupport</texPath>
		  <graphicClass>Graphic_Single</graphicClass>
			<shaderType>CutoutComplex</shaderType>
		</graphicData>

		<statBases>
		  <WorkToMake>7000</WorkToMake>
		  <MaxHitPoints>110</MaxHitPoints>
		  <Mass>1</Mass>
		  <StuffEffectMultiplierArmor>0.65</StuffEffectMultiplierArmor>
		  <EquipDelay>5</EquipDelay>
		</statBases>

		<equippedStatOffsets>
		  <MoveSpeed>-0.01</MoveSpeed>
		</equippedStatOffsets>

		<thingCategories>
		  <li>ApparelArmor</li>
		</thingCategories>

		<costList>
		  <Cloth>10</Cloth>
		  <Plasteel>5</Plasteel>
		  <ComponentIndustrial>1</ComponentIndustrial>
		</costList>
		  <stuffCategories>
		  <li>Metallic</li>
		</stuffCategories>
		<costStuffCount>40</costStuffCount>

		<apparel>
		  <bodyPartGroups>
			<li>UpperHead</li>
		  </bodyPartGroups>
		  <wornGraphicPath>Helmets/LightHelmetSupport/LightHelmetSupport</wornGraphicPath>
		  <useWornGraphicMask>True</useWornGraphicMask>
		  <layers>
			<li>Overhead</li>
		  </layers>
		  <tags>
			<li>IndustrialMilitaryBasic</li>
			<li>IndustrialMilitaryAdvanced</li>
			<li>OutlanderEngineer</li>			
			<li>SpacerMilitary</li>		
		  </tags>
		  <defaultOutfitTags>
			<li>Soldier</li>
		  </defaultOutfitTags>
		</apparel>

		<colorGenerator Class="ColorGenerator_StandardApparel" />
  </ThingDef>

<!-- Carapace Helmet - Light Thermal -->
    <ThingDef ParentName="ArmorHelmetMakeableBase">
		<defName>KP_Light_Flak_Helmet_Thermal</defName>
		<label>Carapace Helmet (Thermal)</label>
		<description>Based on an ancient design of headwear, this helmet was designed for usage during Attrition Warfare. From the most brutal of trenches this helmet protects from Carapace and shrapnel that often finds soldiers in the trenches. Though lacking the finer details of more modern designs it makes up for it through the ease of production of this helmet. Its composition allows a versatile usage, being made from a composite of plasteel and a base metal that ensures even soldiers on the most barren of worlds will have adequate protection from their enemies.
		
This variant is modified for usage on extremely cold worlds.</description>
		<techLevel>Spacer</techLevel>

		<recipeMaker>
		  <researchPrerequisite>ThermalHelmets</researchPrerequisite>
		  <unfinishedThingDef>UnfinishedTechArmor</unfinishedThingDef>
		  <skillRequirements>
			<Crafting>5</Crafting>
		  </skillRequirements>
		  <recipeUsers Inherit="false">
			<li>TableMachining</li>
		  </recipeUsers>
		</recipeMaker>

		<graphicData>
		  <texPath>Helmets/LightHelmetThermal/LightHelmetThermal</texPath>
		  <graphicClass>Graphic_Single</graphicClass>
			<shaderType>CutoutComplex</shaderType>
		</graphicData>

		<statBases>
		  <WorkToMake>7000</WorkToMake>
		  <MaxHitPoints>100</MaxHitPoints>
		  <Mass>1</Mass>
		  <StuffEffectMultiplierArmor>0.65</StuffEffectMultiplierArmor>
		  <Insulation_Cold>12</Insulation_Cold> <!-- Equivalent to a parka hood -->
		  <Insulation_Heat>0.2</Insulation_Heat>
		  <StuffEffectMultiplierInsulation_Cold>0</StuffEffectMultiplierInsulation_Cold>
		  <StuffEffectMultiplierInsulation_Heat>0</StuffEffectMultiplierInsulation_Heat>
		  <EquipDelay>5</EquipDelay>
		</statBases>

		<equippedStatOffsets>
		  <MoveSpeed>-0.01</MoveSpeed>
		</equippedStatOffsets>

		<thingCategories>
		  <li>ApparelArmor</li>
		</thingCategories>

		<costList>
		  <Cloth>80</Cloth>
			<Plasteel>5</Plasteel>
		  <ComponentIndustrial>1</ComponentIndustrial>
		</costList>
		<stuffCategories>
		  <li>Metallic</li>
		</stuffCategories>
		<costStuffCount>40</costStuffCount>

		<apparel>
		  <bodyPartGroups>
			<li>FullHead</li>
		  </bodyPartGroups>
		  <wornGraphicPath>Helmets/LightHelmetThermal/LightHelmetThermal</wornGraphicPath>
		  <useWornGraphicMask>True</useWornGraphicMask>
		  <layers>
			<li>Overhead</li>
		  </layers>
		  <tags>
			<li>IndustrialMilitaryBasic</li>
			<li>IndustrialMilitaryAdvanced</li>
			<li>OutlanderAdvanced</li>			
			<li>SpacerMilitary</li>		
		  </tags>
		  <defaultOutfitTags>
			<li>Soldier</li>
		  </defaultOutfitTags>
		</apparel>

		<colorGenerator Class="ColorGenerator_StandardApparel" />
  </ThingDef>

<!-- Carapace Helmet - Light Officer -->

    <ThingDef ParentName="ArmorHelmetMakeableBase">
		<defName>KP_Light_Flak_Helmet_Officer</defName>
		<label>Carapace Helmet (Officer)</label>
		<description>Based on an ancient design of headwear, this helmet was designed for usage during Attrition Warfare. From the most brutal of trenches this helmet protects from Carapace and shrapnel that often finds soldiers in the trenches. Though lacking the finer details of more modern designs it makes up for it through the ease of production of this helmet. Its composition allows a versatile usage, being made from a composite of plasteel and a base metal that ensures even soldiers on the most barren of worlds will have adequate protection from their enemies.
		
This variant is marked for usage by officers.</description>
		<techLevel>Spacer</techLevel>

		<recipeMaker>
		  <researchPrerequisite>OfficerFlakArmor</researchPrerequisite>
		  <unfinishedThingDef>UnfinishedTechArmor</unfinishedThingDef>
		  <skillRequirements>
			<Crafting>5</Crafting>
		  </skillRequirements>
		  <recipeUsers Inherit="false">
			<li>TableMachining</li>
		  </recipeUsers>
		</recipeMaker>

		<graphicData>
		  <texPath>Helmets/LightHelmetOfficer/LightHelmetOfficer</texPath>
		  <graphicClass>Graphic_Single</graphicClass>
			<shaderType>CutoutComplex</shaderType>
		</graphicData>

		<statBases>
		  <WorkToMake>7000</WorkToMake>
		  <MaxHitPoints>110</MaxHitPoints>
		  <Mass>1</Mass>
		  <StuffEffectMultiplierArmor>0.65</StuffEffectMultiplierArmor>
		  <EquipDelay>5</EquipDelay>
		</statBases>

		<equippedStatOffsets>
		  <MoveSpeed>-0.01</MoveSpeed>
		</equippedStatOffsets>

		<thingCategories>
		  <li>ApparelArmor</li>
		</thingCategories>

		<costList>
		  <Cloth>10</Cloth>
		  <Plasteel>5</Plasteel>
		  <ComponentIndustrial>1</ComponentIndustrial>
		</costList>
		  <stuffCategories>
		  <li>Metallic</li>
		</stuffCategories>
		<costStuffCount>40</costStuffCount>

		<apparel>
		  <bodyPartGroups>
			<li>UpperHead</li>
		  </bodyPartGroups>
		  <wornGraphicPath>Helmets/LightHelmetOfficer/LightHelmetOfficer</wornGraphicPath>
		  <useWornGraphicMask>True</useWornGraphicMask>
		  <layers>
			<li>Overhead</li>
		  </layers>
		  <tags>
			<li>IndustrialMilitaryBasic</li>
			<li>IndustrialMilitaryAdvanced</li>
			<li>OutlanderOfficer</li>			
			<li>SpacerMilitary</li>	
			<li>PrestigeCombatGear</li>				
		  </tags>
		  <defaultOutfitTags>
			<li>Soldier</li>
		  </defaultOutfitTags>
		</apparel>

		<colorGenerator Class="ColorGenerator_StandardApparel" />
  </ThingDef>


<!-- Carapace Helmet - Heavy -->

	<ThingDef ParentName="ArmorHelmetMakeableBase">
		<defName>KP_Heavy_Flak_Helmet</defName>
		<label>Heavy Carapace Helmet</label>
		<description>An improvement in the previous design of Carapace Helmets though never popularly adopted due to the Fall of the Great Domain.  Providing great protection without becoming cumbersome, the Heavy Carapace Helmet is now stronger and more durable without sacrificing comfort for protection. This was achieved through advancements in plasteel plating, providing greater protection without adding too much weight. Though lacking the larger stores of its lighter brethren, the Heavy Carapace Helmet has become more popular with heavy infantry and shocktrooper regiments throughout the Rim.</description>
		<techLevel>Spacer</techLevel>

		<recipeMaker>
		  <researchPrerequisite>HeavyFlakArmor</researchPrerequisite>
		  <unfinishedThingDef>UnfinishedTechArmor</unfinishedThingDef>
		  <skillRequirements>
			<Crafting>7</Crafting>
		  </skillRequirements>
		  <recipeUsers Inherit="false">
			<li>TableMachining</li>
		  </recipeUsers>
		</recipeMaker>

		<graphicData>
		  <texPath>Helmets/HeavyHelmet/HeavyHelmet</texPath>
		  <graphicClass>Graphic_Single</graphicClass>
			<shaderType>CutoutComplex</shaderType>
		</graphicData>

		<statBases>
		  <WorkToMake>7000</WorkToMake>
		  <MaxHitPoints>110</MaxHitPoints>
		  <Mass>1</Mass>
		  <StuffEffectMultiplierArmor>0.78</StuffEffectMultiplierArmor>
		  <EquipDelay>5</EquipDelay>
		</statBases>

		<equippedStatOffsets>
		  <MoveSpeed>-0.02</MoveSpeed>
		</equippedStatOffsets>

		<thingCategories>
		  <li>ApparelArmor</li>
		</thingCategories>

		<costList>
		  <Cloth>60</Cloth>
		  <Plasteel>20</Plasteel>
		  <ComponentIndustrial>1</ComponentIndustrial>
		</costList>
		  <stuffCategories>
		  <li>Metallic</li>
		</stuffCategories>
		<costStuffCount>50</costStuffCount>

		<apparel>
		  <bodyPartGroups>
			<li>UpperHead</li>		
		  </bodyPartGroups>
		  <wornGraphicPath>Helmets/HeavyHelmet/HeavyHelmet</wornGraphicPath>
		  <useWornGraphicMask>True</useWornGraphicMask>
		  <layers>
			<li>Overhead</li>
		  </layers>
		  <tags>
			<li>IndustrialMilitaryBasic</li>
			<li>IndustrialMilitaryAdvanced</li>
			<li>OutlanderAdvanced</li>			
			<li>SpacerMilitary</li>		
		  </tags>
		  <defaultOutfitTags>
			<li>Soldier</li>
		  </defaultOutfitTags>
		</apparel>

		<colorGenerator Class="ColorGenerator_StandardApparel" />
  </ThingDef>

<!-- Carapace Helmet - Heavy Medic -->  

	<ThingDef ParentName="ArmorHelmetMakeableBase">
		<defName>KP_Heavy_Flak_Helmet_Medic</defName>
		<label>Heavy Carapace Helmet (Medic)</label>
		<description>An improvement in the previous design of Carapace Helmets though never popularly adopted due to the Fall of the Great Domain.  Providing great protection without becoming cumbersome, the Heavy Carapace Helmet is now stronger and more durable without sacrificing comfort for protection. This was achieved through advancements in plasteel plating, providing greater protection without adding too much weight. Though lacking the larger stores of its lighter brethren, the Heavy Carapace Helmet has become more popular with heavy infantry and shocktrooper regiments throughout the Rim.
		
This variant is marked for usage by Medical staff.</description>
		<techLevel>Spacer</techLevel>

		<recipeMaker>
		  <researchPrerequisite>HeavyFlakArmor</researchPrerequisite>      
		  <unfinishedThingDef>UnfinishedTechArmor</unfinishedThingDef>
		  <skillRequirements>
			<Crafting>7</Crafting>
		  </skillRequirements>
		  <recipeUsers Inherit="false">
			<li>TableMachining</li>
		  </recipeUsers>
		</recipeMaker>

		<graphicData>
		  <texPath>Helmets/HeavyHelmetMedic/HeavyHelmetMedic</texPath>
		  <graphicClass>Graphic_Single</graphicClass>
			<shaderType>CutoutComplex</shaderType>
		</graphicData>

		<statBases>
		  <WorkToMake>7000</WorkToMake>
		  <MaxHitPoints>110</MaxHitPoints>
		  <Mass>1</Mass>
		  <StuffEffectMultiplierArmor>0.78</StuffEffectMultiplierArmor>
		  <EquipDelay>5</EquipDelay>
		</statBases>

		<equippedStatOffsets>
		  <MoveSpeed>-0.02</MoveSpeed>
		</equippedStatOffsets>

		<thingCategories>
		  <li>ApparelArmor</li>
		</thingCategories>

		<costList>
		  <Cloth>60</Cloth>
		  <Plasteel>20</Plasteel>
		  <ComponentIndustrial>1</ComponentIndustrial>
		</costList>
		  <stuffCategories>
		  <li>Metallic</li>
		</stuffCategories>
		<costStuffCount>50</costStuffCount>

		<apparel>
		  <bodyPartGroups>
			<li>UpperHead</li>		
		  </bodyPartGroups>
		  <wornGraphicPath>Helmets/HeavyHelmetMedic/HeavyHelmetMedic</wornGraphicPath>
			<useWornGraphicMask>True</useWornGraphicMask>
		  <layers>
			<li>Overhead</li>
		  </layers>
		  <tags>
			<li>IndustrialMilitaryBasic</li>
			<li>IndustrialMilitaryAdvanced</li>
			<li>OutlanderMedic</li>			
			<li>SpacerMilitary</li>		
		  </tags>
		  <defaultOutfitTags>
			<li>Soldier</li>
		  </defaultOutfitTags>
		</apparel>

		<colorGenerator Class="ColorGenerator_StandardApparel" />
  </ThingDef>

<!-- Carapace Helmet - Heavy Support -->

	<ThingDef ParentName="ArmorHelmetMakeableBase">
		<defName>KP_Heavy_Flak_Helmet_Support</defName>
		<label>Heavy Carapace Helmet (Engineer)</label>
		<description>An improvement in the previous design of Carapace Helmets though never popularly adopted due to the Fall of the Great Domain.  Providing great protection without becoming cumbersome, the Heavy Carapace Helmet is now stronger and more durable without sacrificing comfort for protection. This was achieved through advancements in plasteel plating, providing greater protection without adding too much weight. Though lacking the larger stores of its lighter brethren, the Heavy Carapace Helmet has become more popular with heavy infantry and shocktrooper regiments throughout the Rim.
		
This variant is marked for usage by Engineering staff.</description>
		<techLevel>Spacer</techLevel>

		<recipeMaker>
		  <researchPrerequisite>HeavyFlakArmor</researchPrerequisite>  
		  <unfinishedThingDef>UnfinishedTechArmor</unfinishedThingDef>
		  <skillRequirements>
			<Crafting>7</Crafting>
		  </skillRequirements>
		  <recipeUsers Inherit="false">
			<li>TableMachining</li>
		  </recipeUsers>
		</recipeMaker>

		<graphicData>
		  <texPath>Helmets/HeavyHelmetSupport/HeavyHelmetSupport</texPath>
		  <graphicClass>Graphic_Single</graphicClass>
			<shaderType>CutoutComplex</shaderType>
		</graphicData>

		<statBases>
		  <WorkToMake>7000</WorkToMake>
		  <MaxHitPoints>110</MaxHitPoints>
		  <Mass>1</Mass>
		  <StuffEffectMultiplierArmor>0.78</StuffEffectMultiplierArmor>
		  <EquipDelay>5</EquipDelay>
		</statBases>

		<equippedStatOffsets>
		  <MoveSpeed>-0.02</MoveSpeed>
		</equippedStatOffsets>

		<thingCategories>
		  <li>ApparelArmor</li>
		</thingCategories>

		<costList>
		  <Cloth>60</Cloth>
		  <Plasteel>20</Plasteel>
		  <ComponentIndustrial>1</ComponentIndustrial>
		</costList>
		  <stuffCategories>
		  <li>Metallic</li>
		</stuffCategories>
		<costStuffCount>50</costStuffCount>

		<apparel>
		  <bodyPartGroups>
			<li>UpperHead</li>		
		  </bodyPartGroups>
		  <wornGraphicPath>Helmets/HeavyHelmetSupport/HeavyHelmetSupport</wornGraphicPath>
		  <useWornGraphicMask>True</useWornGraphicMask>
		  <layers>
			<li>Overhead</li>
		  </layers>
		  <tags>
			<li>IndustrialMilitaryBasic</li>
			<li>IndustrialMilitaryAdvanced</li>
			<li>OutlanderEngineer</li>			
			<li>SpacerMilitary</li>		
		  </tags>
		  <defaultOutfitTags>
			<li>Soldier</li>
		  </defaultOutfitTags>
		</apparel>      

		<colorGenerator Class="ColorGenerator_StandardApparel" />
  </ThingDef>

<!-- Carapace Helmet - Heavy Thermal -->

	<ThingDef ParentName="ArmorHelmetMakeableBase">
		<defName>KP_Heavy_Flak_Helmet_Thermal</defName>
		<label>Heavy Carapace Helmet (Thermal)</label>
		<description>An improvement in the previous design of Carapace Helmets though never popularly adopted due to the Fall of the Great Domain.  Providing great protection without becoming cumbersome, the Heavy Carapace Helmet is now stronger and more durable without sacrificing comfort for protection. This was achieved through advancements in plasteel plating, providing greater protection without adding too much weight. Though lacking the larger stores of its lighter brethren, the Heavy Carapace Helmet has become more popular with heavy infantry and shocktrooper regiments throughout the Rim.
		
This variant is modified for usage on extreme cold worlds.</description>
		<techLevel>Spacer</techLevel>

		<recipeMaker>
		  <researchPrerequisite>ThermalHelmets</researchPrerequisite>
		  <unfinishedThingDef>UnfinishedTechArmor</unfinishedThingDef>
		  <skillRequirements>
			<Crafting>7</Crafting>
		  </skillRequirements>
		  <recipeUsers Inherit="false">
			<li>TableMachining</li>
		  </recipeUsers>
		</recipeMaker>

		<graphicData>
		  <texPath>Helmets/HeavyHelmetThermal/HeavyHelmetThermal</texPath>
		  <graphicClass>Graphic_Single</graphicClass>
			<shaderType>CutoutComplex</shaderType>
		</graphicData>

		<statBases>
		  <WorkToMake>9000</WorkToMake>
		  <MaxHitPoints>150</MaxHitPoints>
		  <Mass>2</Mass>
		  <StuffEffectMultiplierArmor>0.78</StuffEffectMultiplierArmor>
		  <Insulation_Cold>12</Insulation_Cold> <!-- Equivalent to a parka hood -->
		  <Insulation_Heat>0.2</Insulation_Heat>
		  <StuffEffectMultiplierInsulation_Cold>0</StuffEffectMultiplierInsulation_Cold>
		  <StuffEffectMultiplierInsulation_Heat>0</StuffEffectMultiplierInsulation_Heat>
		  <EquipDelay>5</EquipDelay>
		</statBases>

		<equippedStatOffsets>
		  <MoveSpeed>-0.02</MoveSpeed>
		</equippedStatOffsets>

		<thingCategories>
		  <li>ApparelArmor</li>
		</thingCategories>

		<costList>
		  <Cloth>100</Cloth>
			<Plasteel>20</Plasteel>
		  <ComponentIndustrial>1</ComponentIndustrial>
		</costList>
		  <stuffCategories>
		  <li>Metallic</li>
		</stuffCategories>
		<costStuffCount>50</costStuffCount>

		<apparel>
		  <bodyPartGroups>
			<li>FullHead</li>		
		  </bodyPartGroups>
		  <wornGraphicPath>Helmets/HeavyHelmetThermal/HeavyHelmetThermal</wornGraphicPath>
			<useWornGraphicMask>True</useWornGraphicMask>
		  <layers>
			<li>Overhead</li>
		  </layers>
		  <tags>
			<li>IndustrialMilitaryBasic</li>
			<li>IndustrialMilitaryAdvanced</li>
			<li>OutlanderAdvanced</li>			
			<li>SpacerMilitary</li>		
		  </tags>
		  <defaultOutfitTags>
			<li>Soldier</li>
		  </defaultOutfitTags>
		</apparel>

		<colorGenerator Class="ColorGenerator_StandardApparel" />
  </ThingDef>

<!-- Carapace Helmet - Heavy Officer -->

	<ThingDef ParentName="ArmorHelmetMakeableBase">
		<defName>KP_Heavy_Flak_Helmet_Officer</defName>
		<label>Heavy Carapace Helmet (Officer)</label>
		<description>An improvement in the previous design of Carapace Helmets though never popularly adopted due to the Fall of the Great Domain.  Providing great protection without becoming cumbersome, the Heavy Carapace Helmet is now stronger and more durable without sacrificing comfort for protection. This was achieved through advancements in plasteel plating, providing greater protection without adding too much weight. Though lacking the larger stores of its lighter brethren, the Heavy Carapace Helmet has become more popular with heavy infantry and shocktrooper regiments throughout the Rim.
		
This variant is marked for usage by Officers.</description>
		<techLevel>Spacer</techLevel>

		<recipeMaker>
		  <researchPrerequisite>OfficerFlakArmor</researchPrerequisite>      
		  <unfinishedThingDef>UnfinishedTechArmor</unfinishedThingDef>
		  <skillRequirements>
			<Crafting>7</Crafting>
		  </skillRequirements>
		  <recipeUsers Inherit="false">
			<li>TableMachining</li>
		  </recipeUsers>
		</recipeMaker>

		<graphicData>
		  <texPath>Helmets/HeavyHelmetOfficer/HeavyHelmetOfficer</texPath>
		  <graphicClass>Graphic_Single</graphicClass>
			<shaderType>CutoutComplex</shaderType>
		</graphicData>

		<uiIconScale>1.4</uiIconScale>

		<statBases>
		  <WorkToMake>7000</WorkToMake>
		  <MaxHitPoints>110</MaxHitPoints>
		  <Mass>1</Mass>
		  <StuffEffectMultiplierArmor>0.78</StuffEffectMultiplierArmor>
		  <EquipDelay>5</EquipDelay>
		</statBases>

		<equippedStatOffsets>
		  <MoveSpeed>-0.02</MoveSpeed>
		</equippedStatOffsets>

		<thingCategories>
		  <li>ApparelArmor</li>
		</thingCategories>

		<costList>
		  <Cloth>60</Cloth>
			<Plasteel>20</Plasteel>
		  <ComponentIndustrial>1</ComponentIndustrial>
		</costList>
		  <stuffCategories>
		  <li>Metallic</li>
		</stuffCategories>
		<costStuffCount>55</costStuffCount>

		<apparel>
		  <bodyPartGroups>
			<li>UpperHead</li>		
		  </bodyPartGroups>
		  <wornGraphicPath>Helmets/HeavyHelmetOfficer/HeavyHelmetOfficer</wornGraphicPath>
		  <useWornGraphicMask>True</useWornGraphicMask>
		  <layers>
			<li>Overhead</li>
		  </layers>
		  <tags>
			<li>IndustrialMilitaryBasic</li>
			<li>IndustrialMilitaryAdvanced</li>
			<li>OutlanderOfficer</li>			
			<li>SpacerMilitary</li>		
			<li>PrestigeCombatGear</li>				
		  </tags>
		  <defaultOutfitTags>
			<li>Soldier</li>
		  </defaultOutfitTags>
		</apparel>
		
		<colorGenerator Class="ColorGenerator_StandardApparel" />
  </ThingDef>

<!-- Carapace Helmet - Light Faceshield -->
    <ThingDef ParentName="ArmorHelmetMakeableBase">
		<defName>KP_Light_Flak_Helmet_Faceshield</defName>
		<label>Carapace Helmet (Faceshield)</label>
		<description>Heavy fighting is a constant, especially on the Hellworld of Acheron. For the last 400 years, Acheron has fought off the Gamma Incursion of Insectoids which have covered approximately 40% of the planet in a new terraformed landscape. This mask covers a variety of issues that would be found in the trenches of Acheron, from additional face protection and fabric keeping ash and spores out of the lungs of the Paladin Regiments. Functional and practical, with only a small amount of plasteel to provide protection from any projectile coming towards the wearer.</description>
		<techLevel>Spacer</techLevel>

		<recipeMaker>
		  <researchPrerequisite>StormtrooperKit</researchPrerequisite>
		  <unfinishedThingDef>UnfinishedTechArmor</unfinishedThingDef>
		  <skillRequirements>
			<Crafting>5</Crafting>
		  </skillRequirements>
		  <recipeUsers Inherit="false">
			<li>TableMachining</li>
		  </recipeUsers>
		</recipeMaker>

		<graphicData>
		  <texPath>Helmets/LightHelmetMasked/LightHelmetMasked</texPath>
		  <graphicClass>Graphic_Single</graphicClass>
			<shaderType>CutoutComplex</shaderType>
		</graphicData>

		<statBases>
		  <WorkToMake>8000</WorkToMake>
		  <MaxHitPoints>170</MaxHitPoints>
		  <Mass>1.7</Mass>
		  <StuffEffectMultiplierArmor>0.7</StuffEffectMultiplierArmor>
		  <Insulation_Cold>12</Insulation_Cold> <!-- Equivalent to a parka hood -->
		  <Insulation_Heat>0.2</Insulation_Heat>
		  <StuffEffectMultiplierInsulation_Cold>0</StuffEffectMultiplierInsulation_Cold>
		  <StuffEffectMultiplierInsulation_Heat>0</StuffEffectMultiplierInsulation_Heat>		  
		  <EquipDelay>5</EquipDelay>
		</statBases> 
		
		<equippedStatOffsets>
		  <MoveSpeed>-0.10</MoveSpeed>
		  <RangedCooldownFactor>0.15</RangedCooldownFactor>  
		</equippedStatOffsets>	

		<thingCategories>
		  <li>ApparelArmor</li>
		</thingCategories>

		<costList>
		  <Cloth>60</Cloth>
		  <Plasteel>10</Plasteel>
		  <ComponentIndustrial>1</ComponentIndustrial>
		</costList>
		<stuffCategories>
		  <li>Metallic</li>
		</stuffCategories>
		<costStuffCount>40</costStuffCount>

		<apparel>
		  <bodyPartGroups>
			<li>FullHead</li>
		  </bodyPartGroups>
		  <wornGraphicPath>Helmets/LightHelmetMasked/LightHelmetMasked</wornGraphicPath>
		  <useWornGraphicMask>True</useWornGraphicMask>
		  <layers>
			<li>Overhead</li>
		  </layers>
		  <tags>
			<li>IndustrialMilitaryBasic</li>
			<li>IndustrialMilitaryAdvanced</li>
			<li>OutlanderStormtrooper</li>			
			<li>SpacerMilitary</li>		
		  </tags>
		  <defaultOutfitTags>
			<li>Soldier</li>
		  </defaultOutfitTags>
		</apparel>

		<colorGenerator Class="ColorGenerator_StandardApparel" />
  </ThingDef>

<!-- Carapace Helmet - Heavy Faceshield -->
	<ThingDef ParentName="ArmorHelmetMakeableBase">
		<defName>KP_Heavy_Flak_Helmet_Faceshield</defName>
		<label>Heavy Carapace Helmet (Faceshield)</label>
		<description>The greatest battle after the fall of the Great Domain was the seven battles of Deirdre, the last of the Coreworlds to fall. For over 200 years, the planet of Deirdre was assaulted by the Insectoid and Mechanoid forces which saw the once beautiful planet become a Deathworld. The Domain Honor Guard eventually falling into despair and reorganizing into the Company of Sorrows, determined to keep the planet free. This helmet is a testament to that, a reinforced faceshield to ensure that soldiers who often fought in both ranged and melee could be protected against all threats.</description>
		<techLevel>Spacer</techLevel>

		<recipeMaker>
		  <researchPrerequisite>StormtrooperKit</researchPrerequisite>
		  <unfinishedThingDef>UnfinishedTechArmor</unfinishedThingDef>
		  <skillRequirements>
			<Crafting>7</Crafting>
		  </skillRequirements>
		  <recipeUsers Inherit="false">
			<li>TableMachining</li>
		  </recipeUsers>
		</recipeMaker>

		<graphicData>
		  <texPath>Helmets/HeavyHelmetMasked/HeavyHelmetMasked</texPath>
		  <graphicClass>Graphic_Single</graphicClass>
			<shaderType>CutoutComplex</shaderType>
		</graphicData>

		<statBases>
		  <WorkToMake>9000</WorkToMake>
		  <MaxHitPoints>220</MaxHitPoints>
		  <Mass>2.7</Mass>
		  <StuffEffectMultiplierArmor>0.82</StuffEffectMultiplierArmor>
		  <Insulation_Cold>12</Insulation_Cold> <!-- Equivalent to a parka hood -->
		  <Insulation_Heat>0.2</Insulation_Heat>
		  <StuffEffectMultiplierInsulation_Cold>0</StuffEffectMultiplierInsulation_Cold>
		  <StuffEffectMultiplierInsulation_Heat>0</StuffEffectMultiplierInsulation_Heat>
		  <EquipDelay>5</EquipDelay>
		</statBases>
		
		<equippedStatOffsets>
		  <MoveSpeed>-0.15</MoveSpeed>
		  <RangedCooldownFactor>0.35</RangedCooldownFactor>  	  
		</equippedStatOffsets>	

		<thingCategories>
		  <li>ApparelArmor</li>
		</thingCategories>

		<costList>
		  <Cloth>60</Cloth>
		  <Plasteel>30</Plasteel>
		  <ComponentIndustrial>1</ComponentIndustrial>
		</costList>
		  <stuffCategories>
		  <li>Metallic</li>
		</stuffCategories>
		<costStuffCount>60</costStuffCount>

		<apparel>
		  <bodyPartGroups>
			<li>FullHead</li>		
		  </bodyPartGroups>
		  <wornGraphicPath>Helmets/HeavyHelmetMasked/HeavyHelmetMasked</wornGraphicPath>
		  <useWornGraphicMask>True</useWornGraphicMask>
		  <layers>
			<li>Overhead</li>
		  </layers>
		  <tags>
			<li>IndustrialMilitaryBasic</li>
			<li>IndustrialMilitaryAdvanced</li>
			<li>OutlanderStormtrooper</li>			
			<li>SpacerMilitary</li>		
		  </tags>
		  <defaultOutfitTags>
			<li>Soldier</li>
		  </defaultOutfitTags>
		</apparel>

		<colorGenerator Class="ColorGenerator_StandardApparel" />
  </ThingDef>


</Defs>