<?xml version="1.0" encoding="utf-8"?>
 <Defs>

<!-- Field Hat - Desert -->
  <ThingDef ParentName="HatMakeableBase">
    <defName>KP_Field_Hat_Desert</defName>
    <label>Field Hat (Arid)</label>
    <description>Based on an Old Earth design from the 3rd Era of Imperialism. This headgear is designed to protect the wearer from the worst heat they can find in the Rim. Providing not only cool headwear but also protecting the wearer from the worst that the sun can provide. Originally designed for usage on Spiceworld Regiments, it is now found in more worlds than the uniform that it came from.</description>
	<techLevel>Industrial</techLevel>	
    
    <recipeMaker>
      <researchPrerequisite>LateIndustrialUniforms</researchPrerequisite>
    </recipeMaker>    

    <graphicData>
      <texPath>Headgear/FieldHatDesert/FieldHatDesert</texPath>
      <graphicClass>Graphic_Single</graphicClass>
	    <shaderType>CutoutComplex</shaderType>
      <drawSize>0.8</drawSize>
    </graphicData>

    <costStuffCount>35</costStuffCount>
    <stuffCategories>
      <li>Fabric</li>
      <li>Leathery</li>
    </stuffCategories>
	
    <thingCategories Inherit="False">
			<li>KP_Headgear</li>
    </thingCategories>	
    
    <statBases>
      <MaxHitPoints>80</MaxHitPoints>
      <WorkToMake>1600</WorkToMake>
      <Mass>0.1</Mass>
      <StuffEffectMultiplierArmor>0.15</StuffEffectMultiplierArmor>
      <StuffEffectMultiplierInsulation_Cold>0.0</StuffEffectMultiplierInsulation_Cold>
      <StuffEffectMultiplierInsulation_Heat>0.5</StuffEffectMultiplierInsulation_Heat>
      <EquipDelay>0.8</EquipDelay>
    </statBases>
    
    <apparel>
      <bodyPartGroups>
        <li>UpperHead</li>
      </bodyPartGroups>
      <wornGraphicPath>Headgear/FieldHatDesert/FieldHatDesert</wornGraphicPath>
      <layers>
        <li>Overhead</li>
      </layers>
	  <tags>
        <li>IndustrialMilitaryBasic</li>
        <li>IndustrialMilitaryAdvanced</li>
		<li>OutlanderBasic</li>				
      </tags>
      <defaultOutfitTags>
        <li>Soldier</li>
      </defaultOutfitTags>
      <countsAsClothingForNudity>false</countsAsClothingForNudity>
      <canBeDesiredForIdeo>true</canBeDesiredForIdeo>
      <canBeGeneratedToSatisfyWarmth>false</canBeGeneratedToSatisfyWarmth>
    </apparel>
    
    <colorGenerator Class="ColorGenerator_Options">
      <options>
        <li>
          <weight>10</weight>
          <only>(0.50,0.5,0.36)</only>
        </li>
        <li>
          <weight>6</weight>
          <only>(0.40,0.57,0.40)</only>
        </li>
        <li>
          <weight>10</weight>
          <only>(0.38,0.36,0.20)</only>
        </li>
		    <li>
          <weight>10</weight>
          <only>(0.29,0.32,0.12)</only>
        </li>
      </options>
    </colorGenerator>
  </ThingDef> 

<!-- Field Hat - Temperate --> 
  <ThingDef ParentName="HatMakeableBase">
    <defName>KP_Field_Hat_Temperate</defName>
    <label>Field Hat (Temperate)</label>
    <description>A common headwear of the Great Domain Infantry, a basic headwear that follows the Old Earth design of the 21st Century. Providing basic protection from the elements, the most important thing about the headwear is its strict adherence to military code. Though many find themselves abandoning this headwear in favor of other choices which provide specific benefits rather than aesthetic ones.</description>
	<techLevel>Industrial</techLevel>	
	
    <recipeMaker>
      <researchPrerequisite>LateIndustrialUniforms</researchPrerequisite>
	</recipeMaker>

    <graphicData>
      <texPath>Headgear/FieldHatTemperate/FieldHatTemperate</texPath>
      <graphicClass>Graphic_Single</graphicClass>
	    <shaderType>CutoutComplex</shaderType>
      <drawSize>0.8</drawSize>
    </graphicData>

    <costStuffCount>35</costStuffCount>
    <stuffCategories>
      <li>Fabric</li>
      <li>Leathery</li>
    </stuffCategories>
    
    <statBases>
      <MaxHitPoints>80</MaxHitPoints>
      <WorkToMake>1600</WorkToMake>
      <Mass>0.1</Mass>
      <StuffEffectMultiplierArmor>0.15</StuffEffectMultiplierArmor>
      <StuffEffectMultiplierInsulation_Cold>0.2</StuffEffectMultiplierInsulation_Cold>
      <StuffEffectMultiplierInsulation_Heat>0.2</StuffEffectMultiplierInsulation_Heat>
      <EquipDelay>0.8</EquipDelay>
    </statBases>
	
    <thingCategories Inherit="False">
			<li>KP_Headgear</li>
    </thingCategories>	
    
    <apparel>
      <bodyPartGroups>
        <li>UpperHead</li>
      </bodyPartGroups>
      <wornGraphicPath>Headgear/FieldHatTemperate/FieldHatTemperate</wornGraphicPath>
      <layers>
        <li>Overhead</li>
      </layers>
	  
	        <tags>
        <li>IndustrialMilitaryBasic</li>
        <li>IndustrialMilitaryAdvanced</li>
		<li>OutlanderBasic</li>				
      </tags>
      <defaultOutfitTags>
        <li>Soldier</li>
      </defaultOutfitTags>
	  <countsAsClothingForNudity>false</countsAsClothingForNudity>
      <canBeDesiredForIdeo>true</canBeDesiredForIdeo>
      <canBeGeneratedToSatisfyWarmth>false</canBeGeneratedToSatisfyWarmth>
    </apparel>
    
    <colorGenerator Class="ColorGenerator_Options">
      <options>
        <li>
          <weight>10</weight>
          <only>(0.50,0.5,0.36)</only>
        </li>
        <li>
          <weight>6</weight>
          <only>(0.40,0.57,0.40)</only>
        </li>
        <li>
          <weight>10</weight>
          <only>(0.38,0.36,0.20)</only>
        </li>
	    	<li>
          <weight>10</weight>
          <only>(0.29,0.32,0.12)</only>
        </li>
      </options>
    </colorGenerator>	
  </ThingDef> 

<!-- Field Hat - Winter -->
  <ThingDef ParentName="HatMakeableBase">
    <defName>KP_Field_Hat_Winter</defName>
    <label>Field Hat (Boreal)</label>
    <description>Like many of the Great Domain’s designs, this one is based on the headwear of the warriors of Old Earth. A fur lined headwear designed to keep the wearer warm, other than that it is a very basic design. Such simplicity was the reason for its usage by the Great Domain, its simplicity allowed it to be constructed in even the most barren of environments, though like many things some are better than others.</description>
	<techLevel>Industrial</techLevel>	
  
    <recipeMaker>
      <researchPrerequisite>LateIndustrialUniforms</researchPrerequisite>
	</recipeMaker>

    <graphicData>
      <texPath>Headgear/FieldHatWinter/FieldHatWinter</texPath>
      <graphicClass>Graphic_Single</graphicClass>
	    <shaderType>CutoutComplex</shaderType>
      <drawSize>0.8</drawSize>
    </graphicData>

    <costStuffCount>35</costStuffCount>
    <stuffCategories>
      <li>Fabric</li>
      <li>Leathery</li>
    </stuffCategories>
	
    <thingCategories Inherit="False">
			<li>KP_Headgear</li>
    </thingCategories>	
  
    <statBases>
      <MaxHitPoints>80</MaxHitPoints>
      <WorkToMake>1600</WorkToMake>
      <Mass>0.1</Mass>
      <StuffEffectMultiplierArmor>0.15</StuffEffectMultiplierArmor>
      <StuffEffectMultiplierInsulation_Cold>0.5</StuffEffectMultiplierInsulation_Cold>
      <StuffEffectMultiplierInsulation_Heat>0.0</StuffEffectMultiplierInsulation_Heat>
      <EquipDelay>0.8</EquipDelay>
    </statBases>
    
    <apparel>
      <bodyPartGroups>
        <li>UpperHead</li>
      </bodyPartGroups>
      <wornGraphicPath>Headgear/FieldHatWinter/FieldHatWinter</wornGraphicPath>
      <layers>
        <li>Overhead</li>
      </layers>
	  
	        <tags>
        <li>IndustrialMilitaryBasic</li>
        <li>IndustrialMilitaryAdvanced</li>
		<li>OutlanderBasic</li>				
      </tags>
      <defaultOutfitTags>
        <li>Soldier</li>
      </defaultOutfitTags>
	    <countsAsClothingForNudity>false</countsAsClothingForNudity>
      <canBeDesiredForIdeo>true</canBeDesiredForIdeo>
      <canBeGeneratedToSatisfyWarmth>false</canBeGeneratedToSatisfyWarmth>
    </apparel>
    
    <colorGenerator Class="ColorGenerator_Options">
      <options>
        <li>
          <weight>10</weight>
          <only>(0.50,0.5,0.36)</only>
        </li>
        <li>
          <weight>6</weight>
          <only>(0.40,0.57,0.40)</only>
        </li>
        <li>
          <weight>10</weight>
          <only>(0.38,0.36,0.20)</only>
        </li>
		    <li>
          <weight>10</weight>
          <only>(0.29,0.32,0.12)</only>
        </li>
      </options>
    </colorGenerator>
  </ThingDef>  

<!-- Field Hat - Arctic --> 
 <ThingDef ParentName="HatMakeableBase">
    <defName>KP_Field_Hat_Arctic</defName>
    <label>Field Hat (Polar)</label>
    <description>Though a similar design to other cold weather gear, this one is more than it appears. This headwear features the same mesh heating network as the Polar Uniform, though with a few modifications, mainly it can be powered by both dead skin cells and shed hair to ensure comfortable warmth during the coldest of environments. Much like its companion piece, this one requires additional research for it to be produced.</description>
	<techLevel>Industrial</techLevel>	
    
    <recipeMaker>
      <researchPrerequisite>ArcticUniforms</researchPrerequisite>
	  </recipeMaker>

    <graphicData>
      <texPath>Headgear/FieldHatArctic/FieldHatArctic</texPath>
      <graphicClass>Graphic_Single</graphicClass>
	    <shaderType>CutoutComplex</shaderType>
      <drawSize>0.8</drawSize>
    </graphicData>

    <costStuffCount>100</costStuffCount>
    <stuffCategories>
      <li>Fabric</li>
      <li>Leathery</li>
    </stuffCategories>

    <thingCategories Inherit="False">
			<li>KP_Headgear</li>
    </thingCategories>

    <statBases>
      <MaxHitPoints>80</MaxHitPoints>
      <WorkToMake>3000</WorkToMake>
      <Mass>0.1</Mass>
      <StuffEffectMultiplierArmor>0.15</StuffEffectMultiplierArmor>
      <StuffEffectMultiplierInsulation_Cold>0.75</StuffEffectMultiplierInsulation_Cold>
      <StuffEffectMultiplierInsulation_Heat>0.0</StuffEffectMultiplierInsulation_Heat>
      <EquipDelay>0.8</EquipDelay>
    </statBases>

    <apparel>
      <bodyPartGroups>
        <li>FullHead</li>
      </bodyPartGroups>
      <wornGraphicPath>Headgear/FieldHatArctic/FieldHatArctic</wornGraphicPath>
      <layers>
        <li>Overhead</li>
      </layers>
	  
	        <tags>
        <li>IndustrialMilitaryBasic</li>
        <li>IndustrialMilitaryAdvanced</li>
		<li>OutlanderBasic</li>				
      </tags>
      <defaultOutfitTags>
        <li>Soldier</li>
      </defaultOutfitTags>
	  <countsAsClothingForNudity>false</countsAsClothingForNudity>
      <canBeDesiredForIdeo>true</canBeDesiredForIdeo>
      <canBeGeneratedToSatisfyWarmth>false</canBeGeneratedToSatisfyWarmth>
    </apparel>
    <colorGenerator Class="ColorGenerator_Options">
      <options>
        <li>
          <weight>10</weight>
          <only>(0.50,0.5,0.36)</only>
        </li>
        <li>
          <weight>6</weight>
          <only>(0.40,0.57,0.40)</only>
        </li>
        <li>
          <weight>10</weight>
          <only>(0.38,0.36,0.20)</only>
        </li>
		    <li>
          <weight>10</weight>
          <only>(0.29,0.32,0.12)</only>
        </li>
      </options>
    </colorGenerator>
  </ThingDef>

<!-- Field Hat - Officer -->   

    <ThingDef ParentName="HatMakeableBase">
		<defName>KP_Officer_Cap</defName>
		<label>Officer Cap</label>
		<description>Based on an Old Earth symbol of authority, this headwear was said to exude an air of authority over ones subordinates. Its ability to drawn a stronger response from soldiers has not been measured though some still see it as a true sign of authority and power. Though many of it’s wearers also have mentioned the lack of warmth from it and the discomfort of the tight headband.</description>
		<techLevel>Industrial</techLevel>		

		<recipeMaker>
		  <researchPrerequisite>OfficerUniforms</researchPrerequisite>
			</recipeMaker>

		<graphicData>
		  <texPath>Headgear/OfficerCap/OfficerCap</texPath>
		  <graphicClass>Graphic_Single</graphicClass>
			<shaderType>CutoutComplex</shaderType>
		  <drawSize>0.8</drawSize>
		</graphicData>

		<costStuffCount>35</costStuffCount>
		<stuffCategories>
		  <li>Fabric</li>
		  <li>Leathery</li>
		</stuffCategories>
		
    <thingCategories Inherit="False">
			<li>KP_Headgear</li>
    </thingCategories>		

		<statBases>
		  <MaxHitPoints>80</MaxHitPoints>
		  <WorkToMake>1600</WorkToMake>
		  <Mass>0.1</Mass>
		  <StuffEffectMultiplierArmor>0.15</StuffEffectMultiplierArmor>
		  <StuffEffectMultiplierInsulation_Cold>0.2</StuffEffectMultiplierInsulation_Cold>
		  <StuffEffectMultiplierInsulation_Heat>0.2</StuffEffectMultiplierInsulation_Heat>
		  <EquipDelay>0.8</EquipDelay>
		</statBases>

		<apparel>
		  <bodyPartGroups>
			<li>UpperHead</li>
		  </bodyPartGroups>
		  <wornGraphicPath>Headgear/OfficerCap/OfficerCap</wornGraphicPath>
		  <layers>
			<li>Overhead</li>
		  </layers>
		  
		<tags>
			<li>IndustrialMilitaryBasic</li>
			<li>IndustrialMilitaryAdvanced</li>
			<li>PrestigeCombatGear</li>	
		    <li>OffworlderBasic</li>					
        </tags>
		  <defaultOutfitTags>
			<li>Soldier</li>
		  </defaultOutfitTags>
			<countsAsClothingForNudity>false</countsAsClothingForNudity>
		  <canBeDesiredForIdeo>true</canBeDesiredForIdeo>
		  <canBeGeneratedToSatisfyWarmth>false</canBeGeneratedToSatisfyWarmth>
		</apparel>

		<colorGenerator Class="ColorGenerator_Options">
				<options>
					<li>
						<weight>10</weight>
						<only>(0.9,0.9,0.9)</only>
					</li>
					<li>
						<weight>10</weight>
						<only>(0.33,0.33,0.33,1)</only>
					</li>
					<li>
						<weight>10</weight>
						<only>(0.65,0.65,0.65,1)</only>
					</li>
					<li>
						<weight>6</weight>
						<min>(0.3,0.3,0.3,1)</min>
						<max>(0.5,0.5,0.5,1)</max>
					</li>
				</options>
		</colorGenerator>	
    </ThingDef> 
		
</Defs>