<?xml version="1.0" encoding="utf-8"?>
<Defs>

  <!-- Civil Offworlder faction -->
  <FactionDef ParentName="FactionBase">
    <defName>KP_Offworlder_Civil</defName>
    <label>civil offworlders</label>
    <description>Interstellar traders and diplomats backed by core-world governments and megacorporations. Driven by exploration and peace, yet armed against the dangers of the Rim.</description>
    <pawnSingular>offworlder</pawnSingular>
    <pawnsPlural>offworlders</pawnsPlural>
    <listOrderPriority>13</listOrderPriority>
    <settlementGenerationWeight>1</settlementGenerationWeight>
    <requiredCountAtGameStart>1</requiredCountAtGameStart>
    <maxCountAtGameStart>1</maxCountAtGameStart>
    <canMakeRandomly>true</canMakeRandomly>
    <canSiege>true</canSiege>
    <canStageAttacks>true</canStageAttacks>
    <leaderTitle>representative</leaderTitle>
    <factionIconPath>UI/FactionIcons/OffworlderCivilOutpost</factionIconPath>
    <factionNameMaker>NamerFactionOffworlderCivil</factionNameMaker>
    <settlementNameMaker>NamerSettlementOutlander</settlementNameMaker>
    <colorSpectrum>
	  <li>(0.65, 0.55, 0.85)</li>  <!-- Pale lavender -->
	  <li>(0.75, 0.70, 0.90)</li>  <!-- Soft lilac -->
	  <li>(0.80, 0.80, 0.95)</li>  <!-- Misty periwinkle -->
	  <li>(0.60, 0.65, 0.90)</li>  <!-- Powder blue -->
	  <li>(0.70, 0.75, 0.95)</li>  <!-- Baby blue haze -->
    </colorSpectrum>
    <permanentEnemy>false</permanentEnemy>
    <techLevel>Spacer</techLevel>
    <allowedCultures>
      <li>Astropolitan</li>
    </allowedCultures>
    <disallowedMemes>
      <li MayRequire="Ludeon.RimWorld.Ideology">Structure_Animist</li>
      <li MayRequire="Ludeon.RimWorld.Ideology">Nudism</li>
      <li MayRequire="Ludeon.RimWorld.Ideology">Blindsight</li>
    </disallowedMemes>
    <backstoryFilters>
      <li>
        <categories>
          <li>Outlander</li>
        </categories>
        <commonality>0.05</commonality>
      </li>
      <li>
        <categories>
          <li>Offworld</li>
        </categories>
        <commonality>0.95</commonality>
      </li>
    </backstoryFilters>
    <xenotypeSet>
      <xenotypeChances>
        <Neanderthal MayRequire="Ludeon.RimWorld.Biotech">0.025</Neanderthal>
        <Hussar     MayRequire="Ludeon.RimWorld.Biotech">0.05</Hussar>
        <Dirtmole   MayRequire="Ludeon.RimWorld.Biotech">0.05</Dirtmole>
        <Impid      MayRequire="Ludeon.RimWorld.Biotech">0.05</Impid>
        <Pigskin    MayRequire="Ludeon.RimWorld.Biotech">0.10</Pigskin>
      </xenotypeChances>
    </xenotypeSet>
    <allowedArrivalTemperatureRange>-40~50</allowedArrivalTemperatureRange>
    <raidLootMaker>OutlanderRaidLootMaker</raidLootMaker>
	<caravanTraderKinds>
		<li>Caravan_Outlander_BulkGoods</li>
		<li>Caravan_Outlander_CombatSupplier</li>
		<li>Caravan_Outlander_Exotic</li>
    </caravanTraderKinds>
    <maxPawnCostPerTotalPointsCurve>
      <points>
        <li>(0,      40)</li>
        <li>(70,     60)</li>
        <li>(700,   120)</li>
        <li>(1300,  200)</li>
        <li>(100000,10000)</li>
      </points>
    </maxPawnCostPerTotalPointsCurve>
    <pawnGroupMakers>
      <!-- Combat groups -->
      <li>
        <kindDef>Combat</kindDef>
        <options>
          <Offworlder_Civil_Settler>5</Offworlder_Civil_Settler>
          <Offworlder_Civil_Conscript>10</Offworlder_Civil_Conscript>
          <Offworlder_Civil_Marine>10</Offworlder_Civil_Marine>
          <Offworlder_Civil_Commander>5</Offworlder_Civil_Commander>
          <Offworlder_Civil_Trader>10</Offworlder_Civil_Trader>
          <Offworlder_Civil_Representative>2</Offworlder_Civil_Representative>
        </options>
      </li>
      <!-- Peaceful visits -->
      <li>
        <kindDef>Peaceful</kindDef>
        <options>
          <Offworlder_Civil_Settler>15</Offworlder_Civil_Settler>
          <Offworlder_Civil_Trader>10</Offworlder_Civil_Trader>
        </options>
      </li>
      <!-- Trader caravans -->
      <li>
        <kindDef>Trader</kindDef>
		<traders>
			<Offworlder_Civil_Trader>1</Offworlder_Civil_Trader>
		</traders>
		<carriers>
			<Muffalo>8</Muffalo>
		</carriers>
		<guards>
			<Offworlder_Civil_Commander>3</Offworlder_Civil_Commander>
		</guards>
      </li>
      <!-- Settlement defense -->
      <li>
        <kindDef>Settlement</kindDef>
        <options>
          <Offworlder_Civil_Settler>20</Offworlder_Civil_Settler>
          <Offworlder_Civil_Commander>5</Offworlder_Civil_Commander>
          <Offworlder_Civil_Representative>1</Offworlder_Civil_Representative>
        </options>
      </li>
    </pawnGroupMakers>
    <settlementTexturePath>World/WorldObjects/DefaultSettlement</settlementTexturePath>
    <maxConfigurableAtWorldCreation>9999</maxConfigurableAtWorldCreation>
    <configurationListOrderPriority>25</configurationListOrderPriority>
  </FactionDef>


  <!-- ============================================= -->
  <!-- Rough Offworlder faction -->
  <!-- ============================================= -->
  <FactionDef ParentName="FactionBase">
    <defName>KP_Offworlder_Rough</defName>
    <label>rough offworlders</label>
    <description>A corporate-backed paramilitary force turned raiders. Driven by greed, they enslave and plunder under the guise of profit.</description>
    <pawnSingular>offworlder</pawnSingular>
    <pawnsPlural>offworlders</pawnsPlural>
    <listOrderPriority>14</listOrderPriority>
    <settlementGenerationWeight>1</settlementGenerationWeight>
    <requiredCountAtGameStart>1</requiredCountAtGameStart>
    <maxCountAtGameStart>1</maxCountAtGameStart>
    <canMakeRandomly>true</canMakeRandomly>
    <canSiege>true</canSiege>
    <canStageAttacks>true</canStageAttacks>
    <leaderTitle>warlord</leaderTitle>
    <factionIconPath>UI/FactionIcons/OffworlderRoughOutpost</factionIconPath>
    <factionNameMaker>NamerFactionOffworlderRough</factionNameMaker>
    <settlementNameMaker>NamerSettlementOutlander</settlementNameMaker>
    <colorSpectrum>
	  <li>(0.50, 0.10, 0.10)</li> <!-- Dark blood-red -->
	  <li>(0.40, 0.05, 0.05)</li> <!-- Charcoal red -->
	  <li>(0.60, 0.15, 0.15)</li> <!-- Rust red -->
	  <li>(0.45, 0.08, 0.08)</li> <!-- Burnt crimson -->
	  <li>(0.55, 0.12, 0.12)</li> <!-- Brick red -->
    </colorSpectrum>
    <permanentEnemy>true</permanentEnemy>
    <techLevel>Spacer</techLevel>
    <allowedCultures>
      <li>Astropolitan</li>
    </allowedCultures>
    <disallowedMemes>
      <li MayRequire="Ludeon.RimWorld.Ideology">Structure_Animist</li>
      <li MayRequire="Ludeon.RimWorld.Ideology">Nudism</li>
      <li MayRequire="Ludeon.RimWorld.Ideology">Blindsight</li>
    </disallowedMemes>	
    <requiredMemes>
      <li MayRequire="Ludeon.RimWorld.Ideology">Supremacist</li>
      <li MayRequire="Ludeon.RimWorld.Ideology">Raider</li>
    </requiredMemes>
    <backstoryFilters>
      <li>
        <categories>
          <li>Outlander</li>
        </categories>
        <commonality>0.05</commonality>
      </li>
      <li>
        <categories>
          <li>Offworld</li>
        </categories>
        <commonality>0.95</commonality>
      </li>
    </backstoryFilters>
    <xenotypeSet>
      <xenotypeChances>
        <Neanderthal MayRequire="Ludeon.RimWorld.Biotech">0.025</Neanderthal>
        <Hussar     MayRequire="Ludeon.RimWorld.Biotech">0.05</Hussar>
        <Dirtmole   MayRequire="Ludeon.RimWorld.Biotech">0.05</Dirtmole>
        <Impid      MayRequire="Ludeon.RimWorld.Biotech">0.05</Impid>
      </xenotypeChances>
    </xenotypeSet>
    <allowedArrivalTemperatureRange>-40~50</allowedArrivalTemperatureRange>
    <raidLootMaker>OutlanderRaidLootMaker</raidLootMaker>
	<caravanTraderKinds>
		<li>Caravan_Outlander_BulkGoods</li>
		<li>Caravan_Outlander_CombatSupplier</li>
		<li>Caravan_Outlander_Exotic</li>
    </caravanTraderKinds>
    <maxPawnCostPerTotalPointsCurve>
      <points>
        <li>(0,      40)</li>
        <li>(70,     60)</li>
        <li>(700,   120)</li>
        <li>(1300,  200)</li>
        <li>(100000,10000)</li>
      </points>
    </maxPawnCostPerTotalPointsCurve>
    <pawnGroupMakers>
      <li>
        <kindDef>Combat</kindDef>
        <commonality>40</commonality>
        <options>
          <Offworlder_Rough_Scrapper>8</Offworlder_Rough_Scrapper>
          <Offworlder_Rough_Fence>6</Offworlder_Rough_Fence>
          <Offworlder_Rough_Engineer>4</Offworlder_Rough_Engineer>
          <Offworlder_Rough_Scout>2</Offworlder_Rough_Scout>
          <Offworlder_Rough_Warlord>1</Offworlder_Rough_Warlord>
        </options>
      </li>
      <li>
        <kindDef>Combat</kindDef>
        <commonality>30</commonality>
        <options>
          <Offworlder_Rough_Engineer>3</Offworlder_Rough_Engineer>
          <Offworlder_Rough_Marine>4</Offworlder_Rough_Marine>
          <Offworlder_Rough_Scrapper>2</Offworlder_Rough_Scrapper>
          <Offworlder_Rough_Warlord>1</Offworlder_Rough_Warlord>
        </options>
      </li>
      <li>
        <kindDef>Combat</kindDef>
        <commonality>20</commonality>
        <options>
          <Offworlder_Rough_Marine>3</Offworlder_Rough_Marine>
          <Offworlder_Rough_Scout>3</Offworlder_Rough_Scout>
          <Offworlder_Rough_Engineer>2</Offworlder_Rough_Engineer>
          <Offworlder_Rough_Warlord>1</Offworlder_Rough_Warlord>
        </options>
      </li>
      <li>
        <kindDef>Settlement</kindDef>
        <commonality>10</commonality>
        <options>
          <Offworlder_Rough_Scrapper>10</Offworlder_Rough_Scrapper>
          <Offworlder_Rough_Fence>8</Offworlder_Rough_Fence>
          <Offworlder_Rough_Engineer>4</Offworlder_Rough_Engineer>
          <Offworlder_Rough_Scout>2</Offworlder_Rough_Scout>
          <Offworlder_Rough_Marine>2</Offworlder_Rough_Marine>
          <Offworlder_Rough_Warlord>1</Offworlder_Rough_Warlord>
        </options>
      </li>
    </pawnGroupMakers>
    <settlementTexturePath>World/WorldObjects/DefaultSettlement</settlementTexturePath>
    <maxConfigurableAtWorldCreation>9999</maxConfigurableAtWorldCreation>
    <configurationListOrderPriority>26</configurationListOrderPriority>
  </FactionDef>

</Defs>
