﻿<?xml version="1.0" encoding="utf-8" ?>
<Defs>

	<ResearchProjectDef>
		<defName>LateIndustrialUniforms</defName>
		<label>Frontier Uniforms</label>
		<description>Discover the means of protecting your infantry for all forms of weather, whether it is heat or cold.</description>
		<baseCost>1200</baseCost>
		<tab>ABraveNewFrontier</tab>
		<techLevel>Industrial</techLevel>
		<prerequisites>
			<li>ComplexClothing</li>
		</prerequisites>
 			<researchViewX>0</researchViewX>
 			<researchViewY>1</researchViewY>
	</ResearchProjectDef>

	<ResearchProjectDef>
		<defName>OfficerUniforms</defName>
		<label>Officer Uniforms</label>
		<description>Officers need to have more than one uniform, because if one gets dirty it will ruin his image of respect in the unit.</description>
		<baseCost>1500</baseCost>
		<tab>ABraveNewFrontier</tab>
		<techLevel>Industrial</techLevel>
		<prerequisites>
			<li>LateIndustrialUniforms</li>
		</prerequisites>
 			<researchViewX>1</researchViewX>
 			<researchViewY>3</researchViewY>
	</ResearchProjectDef>	

	<ResearchProjectDef>
		<defName>LateIndustrialKitSupport</defName>
		<label>Support Kit</label>
		<description>The expanding conflicts require more and more specialized and support roles entering the field, Doctors and Engineers are now needed.</description>
		<baseCost>1000</baseCost>
		<tab>ABraveNewFrontier</tab>
		<techLevel>Industrial</techLevel>
		<prerequisites>
			<li>LateIndustrialUniforms</li>
		</prerequisites>
 			<researchViewX>1</researchViewX>
 			<researchViewY>1</researchViewY>
	</ResearchProjectDef>

	<ResearchProjectDef>
		<defName>LateIndustrialKitInfantry</defName>
		<label>Infantry Kit</label>
		<description>The Infantry need more than what they can hold in their pockets, time to get them some belts, webbing, and bandoleers to really help the wars.</description>
		<baseCost>1000</baseCost>
		<tab>ABraveNewFrontier</tab>
		<techLevel>Industrial</techLevel>
		<prerequisites>
			<li>LateIndustrialUniforms</li>
		</prerequisites>
 			<researchViewX>1</researchViewX>
 			<researchViewY>2</researchViewY>
	</ResearchProjectDef>		

	<ResearchProjectDef>
		<defName>LateIndustrialFlakArmor</defName>
		<label>Carapace Armor and Helmets</label>
		<description>Older Flak Armors have become quickly outdated in the massive conflicts in the Rim, time for an upgrade to match the times.</description>
		<baseCost>1600</baseCost>
		<tab>ABraveNewFrontier</tab>
		<techLevel>Industrial</techLevel>
		<prerequisites>
			<li>Fabrication</li>
			<li>FlakArmor</li>
		</prerequisites>
 			<researchViewX>0</researchViewX>
 			<researchViewY>0</researchViewY>
	</ResearchProjectDef>

	<ResearchProjectDef>
		<defName>SpecializedFlakArmor</defName>
		<label>Specialized Flak Armor and Helmets</label>
		<description>With some grease paint, you can make the armor match the person that it is assigned to, whether that's an engineer or medic.</description>
		<baseCost>1800</baseCost>
		<tab>ABraveNewFrontier</tab>
		<techLevel>Industrial</techLevel>
		<prerequisites>
			<li>LateIndustrialFlakArmor</li>		
			<li>LateIndustrialKitSupport</li>
		</prerequisites>
 			<researchViewX>2</researchViewX>
 			<researchViewY>1</researchViewY>
	</ResearchProjectDef>
	
	<ResearchProjectDef>
		<defName>StormtrooperKit</defName>
		<label>Stormtrooper Kit</label>
		<description>Reinforced and modified armor seen on many attrition worlds, for the cruelist fighters.</description>
		<baseCost>1800</baseCost>
		<tab>ABraveNewFrontier</tab>
		<techLevel>Industrial</techLevel>
		<prerequisites>
			<li>LateIndustrialFlakArmor</li>		
			<li>LateIndustrialKitSupport</li>
		</prerequisites>
 			<researchViewX>2</researchViewX>
 			<researchViewY>2</researchViewY>
	</ResearchProjectDef>
	

	<ResearchProjectDef>
		<defName>ThermalHelmets</defName>
		<label>Thermal Helmets</label>
		<description>The Polar Cold of the planet is a quick killer, which is why these helmets are wrapped to keep their wearer warm.</description>
		<baseCost>800</baseCost>
		<tab>ABraveNewFrontier</tab>
		<techLevel>Industrial</techLevel>
		<prerequisites>
			<li>SpecializedFlakArmor</li>
			<li>ArcticUniforms</li>						
		</prerequisites>
 			<researchViewX>3</researchViewX>
 			<researchViewY>4</researchViewY>
	</ResearchProjectDef>	

	<ResearchProjectDef>
		<defName>HeavyFlakArmor</defName>
		<label>Heavy Carapace Armor and Helmets</label>
		<description>Infantry in the field have come up with a means of making their armor thicker and more durable, with some spare plasteel plates and a welding torch.</description>
		<baseCost>2000</baseCost>
		<tab>ABraveNewFrontier</tab>
		<techLevel>Industrial</techLevel>
		<prerequisites>
			<li>SpecializedFlakArmor</li>
		</prerequisites>
 			<researchViewX>3</researchViewX>
 			<researchViewY>0</researchViewY>
	</ResearchProjectDef>	

	<ResearchProjectDef>
		<defName>ModifiedGauntlets</defName>
		<label>Modified Gauntlets</label>
		<description>.</description>
		<baseCost>2000</baseCost>
		<tab>ABraveNewFrontier</tab>
		<techLevel>Industrial</techLevel>
		<prerequisites>
			<li>SpecializedFlakArmor</li>
		</prerequisites>
 			<researchViewX>3</researchViewX>
 			<researchViewY>4</researchViewY>
	</ResearchProjectDef>		

	<ResearchProjectDef>
		<defName>OfficerFlakArmor</defName>
		<label>Officer Carapace Armor</label>
		<description>The War Department has approved the field construction of Officer-grade reinforced armor, high quality armor at a fair price.</description>
		<baseCost>2400</baseCost>
		<tab>ABraveNewFrontier</tab>
		<techLevel>Industrial</techLevel>
		<prerequisites>
			<li>OfficerUniforms</li>		
			<li>SpecializedFlakArmor</li>
		</prerequisites>
 			<researchViewX>3</researchViewX>
 			<researchViewY>3</researchViewY>
	</ResearchProjectDef>	

	<ResearchProjectDef>
		<defName>VanguardKit</defName>
		<label>Vanguard Carapace Armor</label>
		<description>Equipment commonly seen in the hands of Scout and Vanguard divisions, light and durable though lacking protection.</description>
		<baseCost>1200</baseCost>
		<tab>ABraveNewFrontier</tab>
		<techLevel>Industrial</techLevel>
		<prerequisites>
			<li>SpecializedFlakArmor</li>
		</prerequisites>
 			<researchViewX>3</researchViewX>
 			<researchViewY>1</researchViewY>
	</ResearchProjectDef>

	<ResearchProjectDef>
		<defName>ArcticUniforms</defName>
		<label>Polar Uniforms</label>
		<description>Harsher weathers require more specialized uniforms that can handle the environment, this one is for avoiding freezing to death in the middle of a glacier.</description>
		<baseCost>1500</baseCost>
		<tab>ABraveNewFrontier</tab>
		<techLevel>Industrial</techLevel>
		<prerequisites>
			<li>LateIndustrialUniforms</li>
		</prerequisites>
 			<researchViewX>1</researchViewX>
 			<researchViewY>4</researchViewY>
	</ResearchProjectDef>

	<ResearchProjectDef>
		<defName>SurplusWeaponsInfantry</defName>
		<label>Surplus Infantry Weaponry</label>
		<description>The latest batch of outdated and obsolete equipment have reached the Rimworlds. Equipment made before the Mechanoid and Insectoid Wars when humanity still loved fighting itself over petty squabbles.</description>
		<baseCost>1500</baseCost>
		<tab>ABraveNewFrontier</tab>
		<techLevel>Industrial</techLevel>
		<prerequisites>
			<li>GasOperation</li>
			<li>PrecisionRifling</li>	
			<li>Smithing</li>				
		</prerequisites>
 			<researchViewX>0</researchViewX>
 			<researchViewY>6</researchViewY>
	</ResearchProjectDef>	

	<ResearchProjectDef>
		<defName>SurplusWeaponsExperimental</defName>
		<label>Surplus Experimental Weaponry</label>
		<description>The former cutting edge technology from advanced rail guns to primitive charge based weapons. This is surplus that still packs a punch and still drives a hard bargain from many.</description>
		<baseCost>1800</baseCost>
		<tab>ABraveNewFrontier</tab>
		<techLevel>Industrial</techLevel>
		<prerequisites>
			<li>SurplusWeaponsInfantry</li>
			<li>ChargedShot</li>			
		</prerequisites>
 			<researchViewX>1</researchViewX>
 			<researchViewY>6</researchViewY>
	</ResearchProjectDef>		

</Defs>