<?xml version="1.0" encoding="utf-8"?>
<Defs>
  <!-- 1. Civil Settler equivalent -->
  <PawnKindDef ParentName="OutlanderBase">
    <defName>Offworlder_Civil_Settler</defName>
    <label>Settler</label>
    <combatPower>35</combatPower>
    <itemQuality>Poor</itemQuality>
    <isFighter>false</isFighter>
    <gearHealthRange>
      <min>0.2</min>
      <max>2.0</max>
    </gearHealthRange>
    <weaponTags>
      <li>SimpleGun</li>
      <li>GrenadeDestructive</li>
    </weaponTags>
    <weaponMoney>
      <min>450</min>
      <max>650</max>
    </weaponMoney>
    <apparelTags>
      <li>OutlanderBasic</li>	  
    </apparelTags>
    <apparelMoney>
      <min>300</min>
      <max>400</max>
    </apparelMoney>
    <apparelAllowHeadgearChance>0.7</apparelAllowHeadgearChance>
    <initialWillRange>3~5</initialWillRange>
    <initialResistanceRange>20~30</initialResistanceRange>	
  </PawnKindDef>

  <!-- 2. Civil Trader equivalent -->
  <PawnKindDef ParentName="OutlanderBase">
    <defName>Offworlder_Civil_Trader</defName>
    <label>Trader</label>
    <trader>true</trader>
    <combatPower>50</combatPower>
    <isFighter>false</isFighter>
    <gearHealthRange>
      <min>1.0</min>
      <max>1.0</max>
    </gearHealthRange>
    <itemQuality>Normal</itemQuality>
    <weaponTags>
      <li>Gun</li>
      <li>SimpleGun</li>
    </weaponTags>
    <weaponMoney>
      <min>500</min>
      <max>600</max>
    </weaponMoney>
    <apparelTags>
      <li>OutlanderBasic</li>	  
    </apparelTags>
    <apparelMoney>
      <min>300</min>
      <max>600</max>
    </apparelMoney>
    <initialWillRange>2~4</initialWillRange>
    <initialResistanceRange>15~25</initialResistanceRange>	
  </PawnKindDef>

  <!-- 3. Civil Conscript equivalent -->
  <PawnKindDef ParentName="OutlanderBase">
    <defName>Offworlder_Civil_Conscript</defName>
    <label>Volunteer</label>
    <combatPower>60</combatPower>
    <isFighter>true</isFighter>
    <gearHealthRange>
      <min>0.8</min>
      <max>2.0</max>
    </gearHealthRange>
    <weaponTags>
      <li>IndustrialGunAdvanced</li>
    </weaponTags>
    <weaponMoney>
      <min>500</min>
      <max>600</max>
    </weaponMoney>
    <apparelTags>
      <li>OutlanderBasic</li>
      <li>OutlanderAdvanced</li>	  
    </apparelTags>
    <apparelMoney>
      <min>1000</min>
      <max>1500</max>
    </apparelMoney>
    <initialWillRange>1~3</initialWillRange>
    <initialResistanceRange>10~20</initialResistanceRange>	
  </PawnKindDef>

  <!-- 4. Civil Marine equivalent -->
  <PawnKindDef ParentName="OutlanderBase">
    <defName>Offworlder_Civil_Marine</defName>
    <label>Marine</label>
    <combatPower>70</combatPower>
    <isFighter>true</isFighter>
    <gearHealthRange>
      <min>0.6</min>
      <max>2.0</max>
    </gearHealthRange>
    <weaponTags>
      <li>IndustrialGunAdvanced</li>
    </weaponTags>
    <weaponMoney>
      <min>500</min>
      <max>700</max>
    </weaponMoney>
    <apparelTags>
      <li>OutlanderBasic</li>	
      <li>OutlanderAdvanced</li>	  
    </apparelTags>
    <apparelMoney>
      <min>1000</min>
      <max>1500</max>
    </apparelMoney>
    <apparelAllowHeadgearChance>0.7</apparelAllowHeadgearChance>
    <initialWillRange>4~6</initialWillRange>
    <initialResistanceRange>30~40</initialResistanceRange>	
  </PawnKindDef>
  
  <!-- 5. Civil Marine equivalent -->
  <PawnKindDef ParentName="OutlanderBase">
    <defName>Offworlder_Civil_Medic</defName>
    <label>Medic</label>
    <combatPower>70</combatPower>
    <isFighter>true</isFighter>
    <gearHealthRange>
      <min>0.6</min>
      <max>2.0</max>
    </gearHealthRange>
    <weaponTags>
      <li>IndustrialGunAdvanced</li>
    </weaponTags>
    <weaponMoney>
      <min>500</min>
      <max>700</max>
    </weaponMoney>
    <apparelTags>
      <li>OutlanderBasic</li>	
      <li>OutlanderMedic</li>	  
    </apparelTags>
    <apparelMoney>
      <min>1000</min>
      <max>1500</max>
    </apparelMoney>
    <apparelAllowHeadgearChance>0.7</apparelAllowHeadgearChance>
    <initialWillRange>4~6</initialWillRange>
    <initialResistanceRange>30~40</initialResistanceRange>	
  </PawnKindDef> 

  <!-- 6. Civil Marine equivalent -->
  <PawnKindDef ParentName="OutlanderBase">
    <defName>Offworlder_Civil_Engineer</defName>
    <label>Engineer</label>
    <combatPower>70</combatPower>
    <isFighter>true</isFighter>
    <gearHealthRange>
      <min>0.6</min>
      <max>2.0</max>
    </gearHealthRange>
    <weaponTags>
      <li>IndustrialGunAdvanced</li>
    </weaponTags>
    <weaponMoney>
      <min>500</min>
      <max>700</max>
    </weaponMoney>
    <apparelTags>
      <li>OutlanderBasic</li>	
      <li>OutlanderEngineer</li>	  
    </apparelTags>
    <apparelMoney>
      <min>1000</min>
      <max>1500</max>
    </apparelMoney>
    <apparelAllowHeadgearChance>0.7</apparelAllowHeadgearChance>
    <initialWillRange>4~6</initialWillRange>
    <initialResistanceRange>30~40</initialResistanceRange>	
  </PawnKindDef>

  <!-- 7. Civil Marine equivalent -->
  <PawnKindDef ParentName="OutlanderBase">
    <defName>Offworlder_Civil_Scout</defName>
    <label>Scout</label>
    <combatPower>70</combatPower>
    <isFighter>true</isFighter>
    <gearHealthRange>
      <min>0.6</min>
      <max>2.0</max>
    </gearHealthRange>
    <weaponTags>
      <li>SniperRifle</li>
    </weaponTags>
    <weaponMoney>
      <min>550</min>
      <max>700</max>
    </weaponMoney>
    <apparelTags>
      <li>OutlanderBasic</li>	
      <li>OutlanderScout</li>	  
    </apparelTags>
    <apparelMoney>
      <min>1000</min>
      <max>1500</max>
    </apparelMoney>
    <apparelAllowHeadgearChance>0.7</apparelAllowHeadgearChance>
    <initialWillRange>4~6</initialWillRange>
    <initialResistanceRange>30~40</initialResistanceRange>	
  </PawnKindDef>  
  
  <!-- 8. Civil Marine equivalent -->
  <PawnKindDef ParentName="OutlanderBase">
    <defName>Offworlder_Civil_Commando</defName>
    <label>Commando</label>
    <combatPower>70</combatPower>
    <isFighter>true</isFighter>
    <gearHealthRange>
      <min>0.6</min>
      <max>2.0</max>
    </gearHealthRange>
    <weaponTags>
      <li>MeleeWeapon</li>
    </weaponTags>
    <weaponMoney>
      <min>500</min>
      <max>700</max>
    </weaponMoney>
    <apparelTags>
      <li>OutlanderBasic</li>	
      <li>OutlanderAdvanced</li>
      <li>OutlanderShocktrooper</li>	  
    </apparelTags>
    <apparelMoney>
      <min>1000</min>
      <max>1500</max>
    </apparelMoney>
    <apparelAllowHeadgearChance>0.7</apparelAllowHeadgearChance>
    <initialWillRange>4~6</initialWillRange>
    <initialResistanceRange>30~40</initialResistanceRange>	
  </PawnKindDef>  

  <!-- 9. Civil Commander replacing SecurityOfficer -->
  <PawnKindDef ParentName="OutlanderBase">
    <defName>Offworlder_Civil_Commander</defName>
    <label>Commander</label>
    <combatPower>95</combatPower>
    <minGenerationAge>30</minGenerationAge>
    <isFighter>false</isFighter>
    <itemQuality>Good</itemQuality>
    <gearHealthRange>
      <min>1.0</min>
      <max>1.0</max>
    </gearHealthRange>
    <weaponTags>
      <li>IndustrialGunAdvanced</li>
    </weaponTags>
    <weaponMoney>
      <min>1200</min>
      <max>1400</max>
    </weaponMoney>
    <apparelTags>
      <li>OutlanderBasic</li>	
      <li>OutlanderAdvanced</li>	  
    </apparelTags>
    <apparelMoney>
      <min>1200</min>
      <max>1600</max>
    </apparelMoney>
    <initialWillRange>2~4</initialWillRange>
    <initialResistanceRange>15~25</initialResistanceRange>	
  </PawnKindDef>

  <!-- 10. Civil Representative replacing Administrator -->
  <PawnKindDef ParentName="OutlanderBase">
    <defName>Offworlder_Civil_Representative</defName>
    <label>Representative</label>
    <combatPower>120</combatPower>
    <factionLeader>true</factionLeader>
    <minGenerationAge>30</minGenerationAge>
    <isFighter>false</isFighter>
    <gearHealthRange>
      <min>1.0</min>
      <max>1.0</max>
    </gearHealthRange>
    <itemQuality>Good</itemQuality>
    <weaponTags>
      <li>IndustrialGunAdvanced</li>
    </weaponTags>
    <weaponMoney>
      <min>1200</min>
      <max>1500</max>
    </weaponMoney>
	<apparelTags>
      <li>OutlanderBasic</li>	
      <li>OutlanderOfficer</li>
      <li>BeltDefensePop</li>	  
    </apparelTags>
    <apparelMoney>
      <min>1000</min>
      <max>1500</max>
    </apparelMoney>
    <apparelRequired>
		<li>KP_Officer_Uniform</li>
		<li>KP_Officer_Flak_Armor</li>		
    </apparelRequired>
    <techHediffsChance>0.15</techHediffsChance>
    <techHediffsMoney>
      <min>1600</min>
      <max>2000</max>
    </techHediffsMoney>
    <techHediffsTags>
      <li>Simple</li>
      <li>Advanced</li>
      <li>ImplantEmpireCommon</li>
    </techHediffsTags>
    <initialWillRange>4~6</initialWillRange>
    <initialResistanceRange>25~35</initialResistanceRange>
  </PawnKindDef>
</Defs>